SampleID,BarcodeSequence,BcName,Date,LinkerPrimerSequence,Location,Percent Spore Forming Bacteria,region,RIBBITR_ID,site,Species,Total Bacteria Count,Type
BR33.DNA,ACGTGAGG,515rcbc17,11/9/2022,GTGTGYCAGCMGCCGCGGTAA,Brazil,0.840336134,Boraceia,BRBac033,B3W,Hylodes_phyllodes,8330,DNA
PA216.DNA,GCTAGTTA,515rcbc385,9/30/2022,GTGTGYCAGCMGCCGCGGTAA,Pennsylvania,0,Tuttle Pond,BacSwab00277,N/A,Rana catesbeiana,9099,DNA
BR30.RNA,ACCAGTGA,515rcbc362,11/9/2022,GTGTGYCAGCMGCCGCGGTAA,Brazil,0.240700219,Boraceia,BRBac030,B4T,Hylodes_phyllodes,9140,RNA
BR26.RNA,TGCTACAG,515rcbc297,11/9/2022,GTGTGYCAGCMGCCGCGGTAA,Brazil,0.186081131,Boraceia,BRBac026,B4T,Ischnocnema_henselii,18809,RNA
BR33.RNA,GACCCGTT,515rcbc305,11/9/2022,GTGTGYCAGCMGCCGCGGTAA,Brazil,0.701103207,Boraceia,BRBac033,B3W,Hylodes_phyllodes,9699,RNA
BR47.DNA,CTATGTAT,515rcbc84,11/11/2022,GTGTGYCAGCMGCCGCGGTAA,Brazil,0.045605307,Santa_Virginia,BRBac047,Olho_de_agua,Ischnocnema_henselii,24120,DNA
PA202.RNA,CAATGTAG,515rcbc197,9/10/2022,GTGTGYCAGCMGCCGCGGTAA,Pennsylvania,0.405460197,RV Pond,BacSwab00263,N/A,Rana catesbeiana,14798,RNA
BR21.RNA,CGTGAGGA,515rcbc356,10/31/2022,GTGTGYCAGCMGCCGCGGTAA,Brazil,0,Boraceia,BRBac021,B3T,Ischnocnema_henselii,9387,RNA
PA216.RNA,CAATAGAA,515rcbc391,9/30/2022,GTGTGYCAGCMGCCGCGGTAA,Pennsylvania,1.736545154,Tuttle Pond,BacSwab00277,N/A,Rana catesbeiana,29599,RNA
BR29.DNA,ACTCCCGT,515rcbc85,11/9/2022,GTGTGYCAGCMGCCGCGGTAA,Brazil,0,Boraceia,BRBac029,B4T,Hylodes_phyllodes,6588,DNA
BR15.DNA,TGAGTGGT,515rcbc67,10/31/2022,GTGTGYCAGCMGCCGCGGTAA,Brazil,0,Boraceia,BRBac015,B3T,Ischnocnema_henselii,8310,DNA
BR24.DNA,ATACATGC,515rcbc42,10/31/2022,GTGTGYCAGCMGCCGCGGTAA,Brazil,0.489428348,Boraceia,BRBac024,B3T,Ischnocnema_henselii,5108,DNA
BR31.DNA,CAAACGCA,515rcbc65,11/9/2022,GTGTGYCAGCMGCCGCGGTAA,Brazil,0.093720712,Boraceia,BRBac031,B3W,Hylodes_phyllodes,6402,DNA
BR22.DNA,ACTACTGA,515rcbc10,10/31/2022,GTGTGYCAGCMGCCGCGGTAA,Brazil,0,Boraceia,BRBac022,B3T,Ischnocnema_henselii,11267,DNA
BR10.DNA,AATTTAGG,515rcbc7,10/31/2022,GTGTGYCAGCMGCCGCGGTAA,Brazil,1.059001513,Boraceia,BRBac010,B3T,Ischnocnema_henselii,6610,DNA
BR15.RNA,AGTCCGAG,515rcbc355,10/31/2022,GTGTGYCAGCMGCCGCGGTAA,Brazil,0.418580909,Boraceia,BRBac015,B3T,Ischnocnema_henselii,9795,RNA
BR35.RNA,GAGTCTTG,515rcbc352,11/9/2022,GTGTGYCAGCMGCCGCGGTAA,Brazil,1.214611057,Boraceia,BRBac035,B4T,Hylodes_phyllodes,11197,RNA
BR24.RNA,CAACGAAC,515rcbc330,10/31/2022,GTGTGYCAGCMGCCGCGGTAA,Brazil,0.101767046,Boraceia,BRBac024,B3T,Ischnocnema_henselii,10809,RNA
BR17.RNA,CAGGCCAC,515rcbc325,10/31/2022,GTGTGYCAGCMGCCGCGGTAA,Brazil,0,Boraceia,BRBac017,B3T,Ischnocnema_henselii,9681,RNA
BR12.RNA,ACACGTTT,515rcbc331,10/31/2022,GTGTGYCAGCMGCCGCGGTAA,Brazil,0.357763467,Boraceia,BRBac012,B3T,Ischnocnema_henselii,9783,RNA
BR29.RNA,GGTCTTAG,515rcbc373,11/9/2022,GTGTGYCAGCMGCCGCGGTAA,Brazil,0,Boraceia,BRBac029,B4T,Hylodes_phyllodes,8766,RNA
BR47.RNA,CTAGAGCT,515rcbc372,11/11/2022,GTGTGYCAGCMGCCGCGGTAA,Brazil,0,Santa_Virginia,BRBac047,Olho_de_agua,Ischnocnema_henselii,9310,RNA
BR10.RNA,GATAGCAC,515rcbc295,10/31/2022,GTGTGYCAGCMGCCGCGGTAA,Brazil,2.203768764,Boraceia,BRBac010,B3T,Ischnocnema_henselii,9393,RNA
BR22.RNA,AGGTGAGT,515rcbc298,10/31/2022,GTGTGYCAGCMGCCGCGGTAA,Brazil,0,Boraceia,BRBac022,B3T,Ischnocnema_henselii,20420,RNA
BR31.RNA,CAGTCTAG,515rcbc353,11/9/2022,GTGTGYCAGCMGCCGCGGTAA,Brazil,0.161921468,Boraceia,BRBac031,B3W,Hylodes_phyllodes,7411,RNA
BR27.DNA,GGTTGCCC,515rcbc18,11/9/2022,GTGTGYCAGCMGCCGCGGTAA,Brazil,0,Boraceia,BRBac027,B4T,Ischnocnema_henselii,4966,DNA
BR42.DNA,GGTGAGCA,515rcbc72,11/11/2022,GTGTGYCAGCMGCCGCGGTAA,Brazil,0.778326598,Santa_Virginia,BRBac042,Olho_de_agua,Ischnocnema_henselii,13362,DNA
BR16.DNA,CCGGACAA,515rcbc61,10/31/2022,GTGTGYCAGCMGCCGCGGTAA,Brazil,0.235048315,Boraceia,BRBac016,B3T,Ischnocnema_henselii,7658,DNA
BR9.RNA,CTCCGAAC,515rcbc291,10/31/2022,GTGTGYCAGCMGCCGCGGTAA,Brazil,0,Boraceia,BRBac009,B3W,Hylodes_phyllodes,17906,RNA
PA130.RNA,TATAGGCT,515rcbc283,7/18/2022,GTGTGYCAGCMGCCGCGGTAA,Pennsylvania,0.364668803,Tuttle Pond,BacSwab00230,N/A,Rana catesbeiana,38391,RNA
BR25.DNA,AATGGTTC,515rcbc91,10/31/2022,GTGTGYCAGCMGCCGCGGTAA,Brazil,0,Boraceia,BRBac025,B3T,Ischnocnema_henselii,12404,DNA
PA2042.RNA,CCTATTGC,515rcbc390,9/30/2022,GTGTGYCAGCMGCCGCGGTAA,Pennsylvania,0.371921716,Tuttle Pond,BacSwab00265,N/A,Rana catesbeiana,27694,RNA
BR34.DNA,TGATGTGC,515rcbc48,11/9/2022,GTGTGYCAGCMGCCGCGGTAA,Brazil,0.143575018,Boraceia,BRBac034,B3W,Hylodes_phyllodes,4179,DNA
BR2.DNA,GTCGTCCA,515rcbc75,10/30/2022,GTGTGYCAGCMGCCGCGGTAA,Brazil,0,Boraceia,BRBac002,B3W,Hylodes_phyllodes,6273,DNA
BR18.DNA,GTGGAGTC,515rcbc36,10/31/2022,GTGTGYCAGCMGCCGCGGTAA,Brazil,0,Boraceia,BRBac018,B3T,Ischnocnema_henselii,7731,DNA
BR27.RNA,TGACTGCG,515rcbc306,11/9/2022,GTGTGYCAGCMGCCGCGGTAA,Brazil,0.028308563,Boraceia,BRBac027,B4T,Ischnocnema_henselii,7065,RNA
BR48.DNA,GAAGAGGG,515rcbc66,11/11/2022,GTGTGYCAGCMGCCGCGGTAA,Brazil,0.121777958,Santa_Virginia,BRBac048,Olho_de_agua,Ischnocnema_henselii,4927,DNA
BR11.DNA,ACATACTG,515rcbc53,10/31/2022,GTGTGYCAGCMGCCGCGGTAA,Brazil,0,Boraceia,BRBac011,B3T,Ischnocnema_henselii,5463,DNA
BR16.RNA,AGATGCAA,515rcbc349,10/31/2022,GTGTGYCAGCMGCCGCGGTAA,Brazil,0.074829296,Boraceia,BRBac016,B3T,Ischnocnema_henselii,10691,RNA
BR13.DNA,TATGGTAC,515rcbc5,10/31/2022,GTGTGYCAGCMGCCGCGGTAA,Brazil,0,Boraceia,BRBac013,B3T,Ischnocnema_henselii,11122,DNA
BR4.RNA,CTCATCAT,515rcbc328,10/30/2022,GTGTGYCAGCMGCCGCGGTAA,Brazil,0.102397816,Boraceia,BRBac004,B3W,Hylodes_phyllodes,11719,RNA
BR2.RNA,TGGCGCAC,515rcbc363,10/30/2022,GTGTGYCAGCMGCCGCGGTAA,Brazil,0.233918129,Boraceia,BRBac002,B3W,Hylodes_phyllodes,855,RNA
BR32.DNA,CACGTTTA,515rcbc22,11/9/2022,GTGTGYCAGCMGCCGCGGTAA,Brazil,0.080857085,Boraceia,BRBac032,B3W,Hylodes_phyllodes,9894,DNA
BR23.DNA,CGTTTGGA,515rcbc28,10/31/2022,GTGTGYCAGCMGCCGCGGTAA,Brazil,0.149193001,Boraceia,BRBac023,B3T,Ischnocnema_henselii,7373,DNA
BR1.DNA,TACGGATT,515rcbc41,10/30/2022,GTGTGYCAGCMGCCGCGGTAA,Brazil,0,Boraceia,BRBac001,B3W,Hylodes_phyllodes,4707,DNA
BR18.RNA,CATAAGGG,515rcbc324,10/31/2022,GTGTGYCAGCMGCCGCGGTAA,Brazil,0.025179403,Boraceia,BRBac018,B3T,Ischnocnema_henselii,7943,RNA
BR36.DNA,TAAATATA,515rcbc73,11/9/2022,GTGTGYCAGCMGCCGCGGTAA,Brazil,0.06817562,Boraceia,BRBac036,B5,Hylodes_phyllodes,7334,DNA
BR3.DNA,TTCCTTAG,515rcbc15,10/30/2022,GTGTGYCAGCMGCCGCGGTAA,Brazil,0,Boraceia,BRBac003,B3W,Hylodes_phyllodes,6684,DNA
BR25.RNA,ACTTAGAC,515rcbc379,10/31/2022,GTGTGYCAGCMGCCGCGGTAA,Brazil,0,Boraceia,BRBac025,B3T,Ischnocnema_henselii,14916,RNA
BR42.RNA,TACTGTAC,515rcbc360,11/11/2022,GTGTGYCAGCMGCCGCGGTAA,Brazil,0.737235915,Santa_Virginia,BRBac042,Olho_de_agua,Ischnocnema_henselii,9088,RNA
BR20.DNA,TAATCTCG,515rcbc38,10/31/2022,GTGTGYCAGCMGCCGCGGTAA,Brazil,0,Boraceia,BRBac020,B3T,Ischnocnema_henselii,6576,DNA
BR11.RNA,GTTTATCT,515rcbc341,10/31/2022,GTGTGYCAGCMGCCGCGGTAA,Brazil,0,Boraceia,BRBac011,B3T,Ischnocnema_henselii,6891,RNA
BR34.RNA,GTGCAACC,515rcbc336,11/9/2022,GTGTGYCAGCMGCCGCGGTAA,Brazil,0.343781598,Boraceia,BRBac034,B3W,Hylodes_phyllodes,9890,RNA
BR1.RNA,TTAGGATT,515rcbc329,10/30/2022,GTGTGYCAGCMGCCGCGGTAA,Brazil,0.245016149,Boraceia,BRBac001,B3W,Hylodes_phyllodes,8979,RNA
BR23.RNA,GAATCTGA,515rcbc316,10/31/2022,GTGTGYCAGCMGCCGCGGTAA,Brazil,0,Boraceia,BRBac023,B3T,Ischnocnema_henselii,17118,RNA
BR28.DNA,TAACAATA,515rcbc79,11/9/2022,GTGTGYCAGCMGCCGCGGTAA,Brazil,0.093940817,Boraceia,BRBac028,B4T,Ischnocnema_henselii,6387,DNA
BR36.RNA,TCTCGCAC,515rcbc361,11/9/2022,GTGTGYCAGCMGCCGCGGTAA,Brazil,0,Boraceia,BRBac036,B5,Hylodes_phyllodes,7638,RNA
BR48.RNA,GTTCGAGT,515rcbc354,11/11/2022,GTGTGYCAGCMGCCGCGGTAA,Brazil,0.215693566,Santa_Virginia,BRBac048,Olho_de_agua,Ischnocnema_henselii,13445,RNA
BR19.DNA,CATATAGC,515rcbc19,10/31/2022,GTGTGYCAGCMGCCGCGGTAA,Brazil,0,Boraceia,BRBac019,B3T,Ischnocnema_henselii,4359,DNA
BR3.RNA,CCACTGCC,515rcbc303,10/30/2022,GTGTGYCAGCMGCCGCGGTAA,Brazil,0,Boraceia,BRBac003,B3W,Hylodes_phyllodes,6127,RNA
BR44.RNA,CGGCCTAA,515rcbc366,11/11/2022,GTGTGYCAGCMGCCGCGGTAA,Brazil,0.040535063,Santa_Virginia,BRBac044,Olho_de_agua,Ischnocnema_henselii,14802,RNA
BR14.DNA,GACTCTGC,515rcbc87,10/31/2022,GTGTGYCAGCMGCCGCGGTAA,Brazil,0,Boraceia,BRBac014,B3T,Ischnocnema_henselii,9212,DNA
BR12.DNA,CTTAGTGC,515rcbc43,10/31/2022,GTGTGYCAGCMGCCGCGGTAA,Brazil,0.324412003,Boraceia,BRBac012,B3T,Ischnocnema_henselii,3699,DNA
BR20.RNA,ACAGTTGT,515rcbc326,10/31/2022,GTGTGYCAGCMGCCGCGGTAA,Brazil,0,Boraceia,BRBac020,B3T,Ischnocnema_henselii,9583,RNA
BR43.DNA,GCTCGAAG,515rcbc81,11/11/2022,GTGTGYCAGCMGCCGCGGTAA,Brazil,0.033528919,Santa_Virginia,BRBac043,Olho_de_agua,Ischnocnema_henselii,5965,DNA
BR32.RNA,CCGCCAGC,515rcbc310,11/9/2022,GTGTGYCAGCMGCCGCGGTAA,Brazil,0,Boraceia,BRBac032,B3W,Hylodes_phyllodes,19319,RNA
BR17.DNA,ACCTTACA,515rcbc37,10/31/2022,GTGTGYCAGCMGCCGCGGTAA,Brazil,0,Boraceia,BRBac017,B3T,Ischnocnema_henselii,7358,DNA
BR51.DNA,TTACTGTG,515rcbc77,11/11/2022,GTGTGYCAGCMGCCGCGGTAA,Brazil,0,Santa_Virginia,BRBac051,Olho_de_agua,Ischnocnema_henselii,1889,DNA
BR19.RNA,ACGTTAAT,515rcbc307,10/31/2022,GTGTGYCAGCMGCCGCGGTAA,Brazil,0,Boraceia,BRBac019,B3T,Ischnocnema_henselii,4724,RNA
BR26.DNA,GCCTCTAC,515rcbc9,11/9/2022,GTGTGYCAGCMGCCGCGGTAA,Brazil,0.193446983,Boraceia,BRBac026,B4T,Ischnocnema_henselii,8271,DNA
BR30.DNA,TTGCGGAC,515rcbc74,11/9/2022,GTGTGYCAGCMGCCGCGGTAA,Brazil,0.186811134,Boraceia,BRBac030,B4T,Hylodes_phyllodes,5353,DNA
BR37.DNA,CGCACCCA,515rcbc93,11/9/2022,GTGTGYCAGCMGCCGCGGTAA,Brazil,0,Boraceia,BRBac037,B5,Hylodes_phyllodes,4393,DNA
BR62.RNA,ACTGTTTA,515rcbc313,11/12/2022,GTGTGYCAGCMGCCGCGGTAA,Brazil,0.37593985,Santa_Virginia,BRBac062,A3W,Hylodes_phyllodes,10108,RNA
BR38.RNA,TAGACTTC,515rcbc378,11/9/2022,GTGTGYCAGCMGCCGCGGTAA,Brazil,0.309713749,Boraceia,BRBac038,B5,Hylodes_phyllodes,10655,RNA
BR56.DNA,AGCCCTGC,515rcbc2,11/11/2022,GTGTGYCAGCMGCCGCGGTAA,Brazil,0,Santa_Virginia,BRBac056,Olho_de_agua,Ischnocnema_henselii,9715,DNA
BR28.RNA,GCTGAGCC,515rcbc367,11/9/2022,GTGTGYCAGCMGCCGCGGTAA,Brazil,0.115755627,Boraceia,BRBac028,B4T,Ischnocnema_henselii,7775,RNA
BR49.RNA,CTCCCGAG,515rcbc377,11/11/2022,GTGTGYCAGCMGCCGCGGTAA,Brazil,0,Santa_Virginia,BRBac049,Olho_de_agua,Ischnocnema_henselii,12770,RNA
BR51.RNA,GTGGGACT,515rcbc365,11/11/2022,GTGTGYCAGCMGCCGCGGTAA,Brazil,0.147623265,Santa_Virginia,BRBac051,Olho_de_agua,Ischnocnema_henselii,10161,RNA
BR40.DNA,ACTTGGTG,515rcbc57,11/9/2022,GTGTGYCAGCMGCCGCGGTAA,Brazil,0.064735394,Boraceia,BRBac040,B5,Hylodes_phyllodes,6179,DNA
BR21.DNA,TTACACAA,515rcbc68,10/31/2022,GTGTGYCAGCMGCCGCGGTAA,Brazil,0,Boraceia,BRBac021,B3T,Ischnocnema_henselii,5440,DNA
PA204.RNA,TCGTTGGG,515rcbc287,9/30/2022,GTGTGYCAGCMGCCGCGGTAA,Pennsylvania,0.113398774,Tuttle Pond,BacSwab00266,N/A,Rana catesbeiana,28219,RNA
BR43.RNA,CCACCGGG,515rcbc369,11/11/2022,GTGTGYCAGCMGCCGCGGTAA,Brazil,0.035278346,Santa_Virginia,BRBac043,Olho_de_agua,Ischnocnema_henselii,14173,RNA
PA135.DNA,AAGTGGCT,515rcbc396,7/19/2022,GTGTGYCAGCMGCCGCGGTAA,Pennsylvania,0.070047632,Tuttle Pond,BacSwab00232,N/A,Rana catesbeiana,7138,DNA
PA108.DNA,ACCGAACA,515rcbc100,7/18/2022,GTGTGYCAGCMGCCGCGGTAA,Pennsylvania,0.272299695,Tuttle Pond,BacSwab00208,N/A,Rana catesbeiana,12119,DNA
BR77.RNA,CGCTAGGA,515rcbc321,11/12/2022,GTGTGYCAGCMGCCGCGGTAA,Brazil,0.282835425,Santa_Virginia,BRBac077,Pirapitinga,Hylodes_phyllodes,16971,RNA
BR53.RNA,GTAATTGT,515rcbc296,11/11/2022,GTGTGYCAGCMGCCGCGGTAA,Brazil,0.051267445,Santa_Virginia,BRBac053,Olho_de_agua,Ischnocnema_henselii,17555,RNA
BR45.DNA,CTTATTAA,515rcbc80,11/11/2022,GTGTGYCAGCMGCCGCGGTAA,Brazil,0.082274431,Santa_Virginia,BRBac045,Olho_de_agua,Ischnocnema_henselii,10939,DNA
BR37.RNA,TATGTGCC,515rcbc381,11/9/2022,GTGTGYCAGCMGCCGCGGTAA,Brazil,0.014767413,Boraceia,BRBac037,B5,Hylodes_phyllodes,20315,RNA
BR40.RNA,ACCACCGT,515rcbc345,11/9/2022,GTGTGYCAGCMGCCGCGGTAA,Brazil,0.078503206,Boraceia,BRBac040,B5,Hylodes_phyllodes,7643,RNA
BR60.DNA,TGATATCG,515rcbc30,11/11/2022,GTGTGYCAGCMGCCGCGGTAA,Brazil,0.22568732,Santa_Virginia,BRBac060,Pirapitinga,Hylodes_phyllodes,4874,DNA
BR39.DNA,GTCATGCT,515rcbc88,11/9/2022,GTGTGYCAGCMGCCGCGGTAA,Brazil,0.229423573,Boraceia,BRBac039,B5,Hylodes_phyllodes,6974,DNA
BR52.DNA,TACAATAT,515rcbc6,11/11/2022,GTGTGYCAGCMGCCGCGGTAA,Brazil,0.162469537,Santa_Virginia,BRBac052,Olho_de_agua,Ischnocnema_henselii,9848,DNA
BR56.RNA,TTGCACCG,515rcbc290,11/11/2022,GTGTGYCAGCMGCCGCGGTAA,Brazil,0.187617261,Santa_Virginia,BRBac056,Olho_de_agua,Ischnocnema_henselii,11726,RNA
BR58.RNA,GAATATAC,515rcbc315,11/11/2022,GTGTGYCAGCMGCCGCGGTAA,Brazil,0,Santa_Virginia,BRBac058,A4W,Ischnocnema_henselii,5135,RNA
BR5.DNA,CGCGCCTT,515rcbc4,10/30/2022,GTGTGYCAGCMGCCGCGGTAA,Brazil,0,Boraceia,BRBac005,B3W,Hylodes_phyllodes,5230,DNA
BR75.DNA,ATGCTGCA,515rcbc13,11/12/2022,GTGTGYCAGCMGCCGCGGTAA,Brazil,0.153846154,Santa_Virginia,BRBac075,A2W,Hylodes_phyllodes,4550,DNA
BR63.DNA,TGCACAGT,515rcbc76,11/12/2022,GTGTGYCAGCMGCCGCGGTAA,Brazil,0.103177879,Santa_Virginia,BRBac063,A2W,Hylodes_phyllodes,4846,DNA
BR70.DNA,GCCTATGA,515rcbc20,11/12/2022,GTGTGYCAGCMGCCGCGGTAA,Brazil,0.064198588,Santa_Virginia,BRBac070,A4W,Hylodes_phyllodes,9346,DNA
BR45.RNA,AGAGACGC,515rcbc368,11/11/2022,GTGTGYCAGCMGCCGCGGTAA,Brazil,0.035790981,Santa_Virginia,BRBac045,Olho_de_agua,Ischnocnema_henselii,11176,RNA
BR60.RNA,GAGCCCAA,515rcbc318,11/11/2022,GTGTGYCAGCMGCCGCGGTAA,Brazil,0.418753592,Santa_Virginia,BRBac060,Pirapitinga,Hylodes_phyllodes,12179,RNA
BR67.RNA,TCTACATA,515rcbc351,11/12/2022,GTGTGYCAGCMGCCGCGGTAA,Brazil,0.172201722,Santa_Virginia,BRBac067,A4W,Hylodes_phyllodes,4065,RNA
BR59.DNA,AATGCGCG,515rcbc32,11/11/2022,GTGTGYCAGCMGCCGCGGTAA,Brazil,0,Santa_Virginia,BRBac059,Pirapitinga,Hylodes_phyllodes,3598,DNA
BR54.DNA,CGTATAAA,515rcbc12,11/11/2022,GTGTGYCAGCMGCCGCGGTAA,Brazil,0,Santa_Virginia,BRBac054,Olho_de_agua,Ischnocnema_henselii,8459,DNA
BR35.DNA,GCGATCAC,515rcbc64,11/9/2022,GTGTGYCAGCMGCCGCGGTAA,Brazil,0.072385089,Boraceia,BRBac035,B4T,Hylodes_phyllodes,2763,DNA
BR52.RNA,CAGATCCC,515rcbc294,11/11/2022,GTGTGYCAGCMGCCGCGGTAA,Brazil,0.013606059,Santa_Virginia,BRBac052,Olho_de_agua,Ischnocnema_henselii,22049,RNA
BR78.DNA,GTCAACGC,515rcbc55,11/12/2022,GTGTGYCAGCMGCCGCGGTAA,Brazil,0.537815126,Santa_Virginia,BRBac078,Pirapitinga,Hylodes_phyllodes,8925,DNA
BR39.RNA,TTCTTAAC,515rcbc376,11/9/2022,GTGTGYCAGCMGCCGCGGTAA,Brazil,0,Boraceia,BRBac039,B5,Hylodes_phyllodes,70,RNA
BR41.DNA,GAACCAGT,515rcbc92,11/11/2022,GTGTGYCAGCMGCCGCGGTAA,Brazil,0,Santa_Virginia,BRBac041,Olho_de_agua,Ischnocnema_henselii,9290,DNA
BR63.RNA,CATTTACA,515rcbc364,11/12/2022,GTGTGYCAGCMGCCGCGGTAA,Brazil,0.083665851,Santa_Virginia,BRBac063,A2W,Hylodes_phyllodes,15538,RNA
BR50.DNA,CGGTATAG,515rcbc86,11/11/2022,GTGTGYCAGCMGCCGCGGTAA,Brazil,0.38376667,Santa_Virginia,BRBac050,Olho_de_agua,Ischnocnema_henselii,10423,DNA
PA135.RNA,GTTAGGGA,515rcbc402,7/19/2022,GTGTGYCAGCMGCCGCGGTAA,Pennsylvania,0.177400694,Tuttle Pond,BacSwab00232,N/A,Rana catesbeiana,12965,RNA
BR4.DNA,ACGCTTAA,515rcbc40,10/30/2022,GTGTGYCAGCMGCCGCGGTAA,Brazil,0,Boraceia,BRBac004,B3W,Hylodes_phyllodes,4112,DNA
BR46.DNA,CTCGCCCT,515rcbc51,11/11/2022,GTGTGYCAGCMGCCGCGGTAA,Brazil,0.070654734,Santa_Virginia,BRBac046,Olho_de_agua,Ischnocnema_henselii,4246,DNA
BR75.RNA,GTCCTACA,515rcbc301,11/12/2022,GTGTGYCAGCMGCCGCGGTAA,Brazil,0.16673614,Santa_Virginia,BRBac075,A2W,Hylodes_phyllodes,11995,RNA
BR59.RNA,CGTTCCTT,515rcbc320,11/11/2022,GTGTGYCAGCMGCCGCGGTAA,Brazil,0.022632115,Santa_Virginia,BRBac059,Pirapitinga,Hylodes_phyllodes,8837,RNA
BR70.RNA,TCTAACGA,515rcbc308,11/12/2022,GTGTGYCAGCMGCCGCGGTAA,Brazil,0.02621232,Santa_Virginia,BRBac070,A4W,Hylodes_phyllodes,11445,RNA
BR44.DNA,GGTTCATG,515rcbc78,11/11/2022,GTGTGYCAGCMGCCGCGGTAA,Brazil,0.110149489,Santa_Virginia,BRBac044,Olho_de_agua,Ischnocnema_henselii,6355,DNA
BR54.RNA,GTTTGGCC,515rcbc300,11/11/2022,GTGTGYCAGCMGCCGCGGTAA,Brazil,0,Santa_Virginia,BRBac054,Olho_de_agua,Ischnocnema_henselii,13043,RNA
BR65.DNA,ACTCGCTC,515rcbc14,11/12/2022,GTGTGYCAGCMGCCGCGGTAA,Brazil,0,Santa_Virginia,BRBac065,A2W,Hylodes_phyllodes,6256,DNA
BR69.DNA,AGTAAAGA,515rcbc50,11/12/2022,GTGTGYCAGCMGCCGCGGTAA,Brazil,0.274368231,Santa_Virginia,BRBac069,Estrada,Hylodes_phyllodes,6925,DNA
PA110.DNA,AGAGCGGA,515rcbc421,7/18/2022,GTGTGYCAGCMGCCGCGGTAA,Pennsylvania,0.036818851,Tuttle Pond,BacSwab00210,N/A,Rana catesbeiana,5432,DNA
BR72.RNA,GTTCGCCG,515rcbc342,11/12/2022,GTGTGYCAGCMGCCGCGGTAA,Brazil,0,Santa_Virginia,BRBac072,A2W,Hylodes_phyllodes,2751,RNA
BR57.DNA,AGGATCAG,515rcbc45,11/11/2022,GTGTGYCAGCMGCCGCGGTAA,Brazil,1.855757065,Santa_Virginia,BRBac057,A4W,Ischnocnema_henselii,4742,DNA
BR46.RNA,AACACCAT,515rcbc339,11/11/2022,GTGTGYCAGCMGCCGCGGTAA,Brazil,0.088750832,Santa_Virginia,BRBac046,Olho_de_agua,Ischnocnema_henselii,4507,RNA
BR61.DNA,CGTCCGTA,515rcbc16,11/12/2022,GTGTGYCAGCMGCCGCGGTAA,Brazil,0,Santa_Virginia,BRBac061,A3W,Hylodes_phyllodes,5309,DNA
PA118.RNA,GCGAGGAA,515rcbc194,7/18/2022,GTGTGYCAGCMGCCGCGGTAA,Pennsylvania,0.444647133,Tuttle Pond,BacSwab00218,N/A,Rana catesbeiana,8771,RNA
BR50.RNA,GCCTACTC,515rcbc374,11/11/2022,GTGTGYCAGCMGCCGCGGTAA,Brazil,0.302151317,Santa_Virginia,BRBac050,Olho_de_agua,Ischnocnema_henselii,16548,RNA
BR65.RNA,ATTTACAA,515rcbc302,11/12/2022,GTGTGYCAGCMGCCGCGGTAA,Brazil,0.242698134,Santa_Virginia,BRBac065,A2W,Hylodes_phyllodes,11949,RNA
BR61.RNA,ATAGTTAG,515rcbc304,11/12/2022,GTGTGYCAGCMGCCGCGGTAA,Brazil,0.024840092,Santa_Virginia,BRBac061,A3W,Hylodes_phyllodes,16103,RNA
BR8.DNA,GTAGTAGA,515rcbc49,10/31/2022,GTGTGYCAGCMGCCGCGGTAA,Brazil,0.058927519,Boraceia,BRBac008,B3W,Hylodes_phyllodes,5091,DNA
BR57.RNA,CTACTTAC,515rcbc333,11/11/2022,GTGTGYCAGCMGCCGCGGTAA,Brazil,2.28678538,Santa_Virginia,BRBac057,A4W,Ischnocnema_henselii,5335,RNA
BR55.DNA,TTGCTGGA,515rcbc62,11/11/2022,GTGTGYCAGCMGCCGCGGTAA,Brazil,0.632911392,Santa_Virginia,BRBac055,Olho_de_agua,Ischnocnema_henselii,6004,DNA
BR49.DNA,TACCGAAG,515rcbc89,11/11/2022,GTGTGYCAGCMGCCGCGGTAA,Brazil,0.132669983,Santa_Virginia,BRBac049,Olho_de_agua,Ischnocnema_henselii,6030,DNA
BR71.RNA,TAGGACGG,515rcbc288,11/12/2022,GTGTGYCAGCMGCCGCGGTAA,Brazil,0.023842165,Santa_Virginia,BRBac071,A4W,Hylodes_phyllodes,16777,RNA
BR6.DNA,TGACTAAT,515rcbc24,10/30/2022,GTGTGYCAGCMGCCGCGGTAA,Brazil,0.447700448,Boraceia,BRBac006,B3W,Hylodes_phyllodes,9828,DNA
BR73.DNA,AATCTTGC,515rcbc44,11/12/2022,GTGTGYCAGCMGCCGCGGTAA,Brazil,0.228789323,Santa_Virginia,BRBac073,A2W,Hylodes_phyllodes,5245,DNA
BR69.RNA,ACTGGCAA,515rcbc338,11/12/2022,GTGTGYCAGCMGCCGCGGTAA,Brazil,0.25699318,Santa_Virginia,BRBac069,Estrada,Hylodes_phyllodes,10117,RNA
BR64.DNA,CTGTCTAT,515rcbc26,11/12/2022,GTGTGYCAGCMGCCGCGGTAA,Brazil,0.131419329,Santa_Virginia,BRBac064,A2W,Hylodes_phyllodes,9892,DNA
PA129.DNA,GCGTTTGC,515rcbc125,7/18/2022,GTGTGYCAGCMGCCGCGGTAA,Pennsylvania,0.398533397,Tuttle Pond,BacSwab00229,N/A,Rana catesbeiana,6273,DNA
BR55.RNA,GCATTCGG,515rcbc350,11/11/2022,GTGTGYCAGCMGCCGCGGTAA,Brazil,1.730175077,Santa_Virginia,BRBac055,Olho_de_agua,Ischnocnema_henselii,9710,RNA
PA110.RNA,CTGGTGCT,515rcbc427,7/18/2022,GTGTGYCAGCMGCCGCGGTAA,Pennsylvania,0.341296928,Tuttle Pond,BacSwab00210,N/A,Rana catesbeiana,4981,RNA
BR53.DNA,GACTCAAC,515rcbc8,11/11/2022,GTGTGYCAGCMGCCGCGGTAA,Brazil,0,Santa_Virginia,BRBac053,Olho_de_agua,Ischnocnema_henselii,8430,DNA
BR8.RNA,ACCCAAGC,515rcbc337,10/31/2022,GTGTGYCAGCMGCCGCGGTAA,Brazil,0,Boraceia,BRBac008,B3W,Hylodes_phyllodes,8691,RNA
PA207.RNA,GAGCCATC,515rcbc226,9/30/2022,GTGTGYCAGCMGCCGCGGTAA,Pennsylvania,0.564823329,Tuttle Pond,BacSwab00268,N/A,Rana catesbeiana,7613,RNA
BR73.RNA,CGTCGCAG,515rcbc332,11/12/2022,GTGTGYCAGCMGCCGCGGTAA,Brazil,0.095207871,Santa_Virginia,BRBac073,A2W,Hylodes_phyllodes,6302,RNA
BR58.DNA,TATGCCAG,515rcbc27,11/11/2022,GTGTGYCAGCMGCCGCGGTAA,Brazil,0.796311819,Santa_Virginia,BRBac058,A4W,Ischnocnema_henselii,7158,DNA
BR66.DNA,ACGACGCA,515rcbc69,11/12/2022,GTGTGYCAGCMGCCGCGGTAA,Brazil,0,Santa_Virginia,BRBac066,A4W,Hylodes_phyllodes,4727,DNA
PA1182.DNA,TATCATAT,515rcbc98,7/18/2022,GTGTGYCAGCMGCCGCGGTAA,Pennsylvania,0.516014235,Tuttle Pond,BacSwab00218,N/A,Rana catesbeiana,5620,DNA
BR6.RNA,TATATAGT,515rcbc312,10/30/2022,GTGTGYCAGCMGCCGCGGTAA,Brazil,0.02824061,Boraceia,BRBac006,B3W,Hylodes_phyllodes,10623,RNA
PA12.DNA,ACCTACTT,515rcbc103,6/27/2022,GTGTGYCAGCMGCCGCGGTAA,Pennsylvania,0,Vorisek Pond,BacSwab00130,N/A,Rana catesbeiana,6208,DNA
PA108.RNA,TTGTGTCT,515rcbc196,7/18/2022,GTGTGYCAGCMGCCGCGGTAA,Pennsylvania,0.194457948,Tuttle Pond,BacSwab00208,N/A,Rana catesbeiana,12342,RNA
PA219.RNA,CCGGCTTA,515rcbc258,9/30/2022,GTGTGYCAGCMGCCGCGGTAA,Pennsylvania,0.42003231,Tuttle Pond,BacSwab00280,N/A,Rana catesbeiana,3095,RNA
PA212.RNA,CTGGTCTT,515rcbc438,9/30/2022,GTGTGYCAGCMGCCGCGGTAA,Pennsylvania,0.06874624,Tuttle Pond,BacSwab00273,N/A,Rana catesbeiana,11637,RNA
BR74.DNA,AAGAACTC,515rcbc29,11/12/2022,GTGTGYCAGCMGCCGCGGTAA,Brazil,0.101770812,Santa_Virginia,BRBac074,Pirapitinga,Hylodes_phyllodes,9826,DNA
BR66.RNA,CGGTTGGC,515rcbc357,11/12/2022,GTGTGYCAGCMGCCGCGGTAA,Brazil,0.884381339,Santa_Virginia,BRBac066,A4W,Hylodes_phyllodes,12325,RNA
PA126.RNA,TCCGATAA,515rcbc233,7/18/2022,GTGTGYCAGCMGCCGCGGTAA,Pennsylvania,0.094373009,Tuttle Pond,BacSwab00226,N/A,Rana catesbeiana,8477,RNA
PA129.RNA,TGGTGGAG,515rcbc221,7/18/2022,GTGTGYCAGCMGCCGCGGTAA,Pennsylvania,0.301617768,Tuttle Pond,BacSwab00229,N/A,Rana catesbeiana,7294,RNA
BR76.DNA,TGTGCACG,515rcbc60,11/12/2022,GTGTGYCAGCMGCCGCGGTAA,Brazil,0.273972603,Santa_Virginia,BRBac076,A2W,Hylodes_phyllodes,8030,DNA
BR64.RNA,GTCACGGA,515rcbc314,11/12/2022,GTGTGYCAGCMGCCGCGGTAA,Brazil,0.07902015,Santa_Virginia,BRBac064,A2W,Hylodes_phyllodes,7593,RNA
PA113.DNA,TAAACCTG,515rcbc182,7/18/2022,GTGTGYCAGCMGCCGCGGTAA,Pennsylvania,1.164095372,Tuttle Pond,BacSwab00213,N/A,Rana catesbeiana,7130,DNA
BR80.DNA,ATCTAGTG,515rcbc39,11/12/2022,GTGTGYCAGCMGCCGCGGTAA,Brazil,0.190015547,Santa_Virginia,BRBac080,Alojamento,Ischnocnema_henselii,5789,DNA
BR62.DNA,CGGGACAC,515rcbc25,11/12/2022,GTGTGYCAGCMGCCGCGGTAA,Brazil,0,Santa_Virginia,BRBac062,A3W,Hylodes_phyllodes,5514,DNA
PA12.RNA,AACTTTCA,515rcbc199,6/27/2022,GTGTGYCAGCMGCCGCGGTAA,Pennsylvania,0,Vorisek Pond,BacSwab00130,N/A,Rana catesbeiana,7792,RNA
PA196.RNA,AAGGCGCT,515rcbc216,9/10/2022,GTGTGYCAGCMGCCGCGGTAA,Pennsylvania,0.296735905,RV Pond,BacSwab00257,N/A,Rana catesbeiana,9099,RNA
PA136.DNA,GACATCTG,515rcbc444,7/19/2022,GTGTGYCAGCMGCCGCGGTAA,Pennsylvania,0.158618259,Tuttle Pond,BacSwab00236,N/A,Rana catesbeiana,5674,DNA
PA1182.RNA,AAGTCACA,515rcbc234,7/18/2022,GTGTGYCAGCMGCCGCGGTAA,Pennsylvania,1.521521522,Tuttle Pond,BacSwab00219,N/A,Rana catesbeiana,4995,RNA
PA22.DNA,TCATGGCC,515rcbc145,6/27/2022,GTGTGYCAGCMGCCGCGGTAA,Pennsylvania,0,Vorisek Pond,BacSwab00140,N/A,Rana catesbeiana,5948,DNA
BR78.RNA,AGACTATT,515rcbc343,11/12/2022,GTGTGYCAGCMGCCGCGGTAA,Brazil,0,Santa_Virginia,BRBac078,Pirapitinga,Hylodes_phyllodes,10802,RNA
PA127.DNA,GTCCGTCC,515rcbc164,7/18/2022,GTGTGYCAGCMGCCGCGGTAA,Pennsylvania,0.302946847,Tuttle Pond,BacSwab00227,N/A,Rana catesbeiana,3631,DNA
BR7.DNA,CGGTGACC,515rcbc31,10/30/2022,GTGTGYCAGCMGCCGCGGTAA,Brazil,0,Boraceia,BRBac007,B3W,Ischnocnema_henselii,6390,DNA
BR76.RNA,CTCACCTA,515rcbc348,11/12/2022,GTGTGYCAGCMGCCGCGGTAA,Brazil,0.248303261,Santa_Virginia,BRBac076,A2W,Hylodes_phyllodes,12082,RNA
PA208.DNA,TGACAGAA,515rcbc191,9/30/2022,GTGTGYCAGCMGCCGCGGTAA,Pennsylvania,0.07877117,Tuttle Pond,BacSwab00269,N/A,Rana catesbeiana,7617,DNA
BR67.DNA,TACTAACG,515rcbc63,11/12/2022,GTGTGYCAGCMGCCGCGGTAA,Brazil,0,Santa_Virginia,BRBac067,A4W,Hylodes_phyllodes,4633,DNA
BR80.RNA,ACCAGAAA,515rcbc327,11/12/2022,GTGTGYCAGCMGCCGCGGTAA,Brazil,0.082236842,Santa_Virginia,BRBac080,Alojamento,Ischnocnema_henselii,6080,RNA
PA119.DNA,TCAGACCA,515rcbc168,7/18/2022,GTGTGYCAGCMGCCGCGGTAA,Pennsylvania,0.130039012,Tuttle Pond,BacSwab00204,N/A,Rana catesbeiana,4614,DNA
PA22.RNA,GAACCGTG,515rcbc241,6/27/2022,GTGTGYCAGCMGCCGCGGTAA,Pennsylvania,0,Vorisek Pond,BacSwab00140,N/A,Rana catesbeiana,8720,RNA
PA13.DNA,ACTAGTTG,515rcbc397,7/18/2022,GTGTGYCAGCMGCCGCGGTAA,Pennsylvania,0,Tuttle Pond,BacSwab00224,N/A,Rana catesbeiana,7962,DNA
PA113.RNA,GTTGTTCT,515rcbc278,7/18/2022,GTGTGYCAGCMGCCGCGGTAA,Pennsylvania,1.0490451,Tuttle Pond,BacSwab00213,N/A,Rana catesbeiana,11153,RNA
BR7.RNA,CCATGTGG,515rcbc319,10/30/2022,GTGTGYCAGCMGCCGCGGTAA,Brazil,0.087425324,Boraceia,BRBac007,B3W,Ischnocnema_henselii,6863,RNA
PA145.DNA,GGTAGTTC,515rcbc186,7/19/2022,GTGTGYCAGCMGCCGCGGTAA,Pennsylvania,2.871958516,Tuttle Pond,BacSwab00244,N/A,Rana catesbeiana,5014,DNA
PA127.RNA,TCGAGCCG,515rcbc260,7/18/2022,GTGTGYCAGCMGCCGCGGTAA,Pennsylvania,0.246870041,Tuttle Pond,BacSwab00227,N/A,Rana catesbeiana,5671,RNA
BR72.DNA,GTTGATAC,515rcbc54,11/12/2022,GTGTGYCAGCMGCCGCGGTAA,Brazil,0.35180299,Santa_Virginia,BRBac072,A2W,Hylodes_phyllodes,6822,DNA
PA15.DNA,CTGACACG,515rcbc123,6/27/2022,GTGTGYCAGCMGCCGCGGTAA,Pennsylvania,0.115687182,Vorisek Pond,BacSwab00133,N/A,Rana catesbeiana,4322,DNA
PA125.DNA,ACCTCAGT,515rcbc179,7/18/2022,GTGTGYCAGCMGCCGCGGTAA,Pennsylvania,1.234398574,Tuttle Pond,BacSwab00225,N/A,Rana catesbeiana,7291,DNA
BR74.RNA,ATTGCCTT,515rcbc317,11/12/2022,GTGTGYCAGCMGCCGCGGTAA,Brazil,0.124688279,Santa_Virginia,BRBac074,Pirapitinga,Hylodes_phyllodes,3208,RNA
BR79.DNA,TGAGACCC,515rcbc56,11/12/2022,GTGTGYCAGCMGCCGCGGTAA,Brazil,0,Santa_Virginia,BRBac079,Olho_de_agua,Ischnocnema_henselii,5165,DNA
BR9.DNA,CCTAACGG,515rcbc3,10/31/2022,GTGTGYCAGCMGCCGCGGTAA,Brazil,0.051124744,Boraceia,BRBac009,B3W,Hylodes_phyllodes,9780,DNA
PA14.RNA,GAAGTAGC,515rcbc235,6/27/2022,GTGTGYCAGCMGCCGCGGTAA,Pennsylvania,0.055648303,Vorisek Pond,BacSwab00132,N/A,Rana catesbeiana,5391,RNA
PA220.DNA,TGAGTCAT,515rcbc102,9/30/2022,GTGTGYCAGCMGCCGCGGTAA,Pennsylvania,0.165868043,Tuttle Pond,BacSwab00281,N/A,Rana catesbeiana,10852,DNA
BR77.DNA,CTTGATTC,515rcbc33,11/12/2022,GTGTGYCAGCMGCCGCGGTAA,Brazil,0,Santa_Virginia,BRBac077,Pirapitinga,Hylodes_phyllodes,9563,DNA
PA119.RNA,GCTGCGTA,515rcbc264,7/18/2022,GTGTGYCAGCMGCCGCGGTAA,Pennsylvania,0.074582339,Tuttle Pond,BacSwab00204,N/A,Rana catesbeiana,6704,RNA
BR79.RNA,AGCGATTC,515rcbc344,11/12/2022,GTGTGYCAGCMGCCGCGGTAA,Brazil,0.178491745,Santa_Virginia,BRBac079,Olho_de_agua,Ischnocnema_henselii,11205,RNA
PA151.RNA,GTGAATGT,515rcbc247,7/18/2022,GTGTGYCAGCMGCCGCGGTAA,Pennsylvania,0.711671411,Tuttle Pond,BacSwab00212,N/A,Rana catesbeiana,4918,RNA
PA145.RNA,ACACACCC,515rcbc282,7/19/2022,GTGTGYCAGCMGCCGCGGTAA,Pennsylvania,2.567661346,Tuttle Pond,BacSwab00244,N/A,Rana catesbeiana,7205,RNA
PA155.DNA,GTGAGGGC,515rcbc457,7/19/2022,GTGTGYCAGCMGCCGCGGTAA,Pennsylvania,0,Tuttle Pond,BacSwab00254,N/A,Rana pipiens,4988,DNA
PA136.RNA,ATGCCGGT,515rcbc450,7/19/2022,GTGTGYCAGCMGCCGCGGTAA,Pennsylvania,0.279578091,Tuttle Pond,BacSwab00236,N/A,Rana catesbeiana,7869,RNA
PA213.DNA,TCTCTTTC,515rcbc52,9/30/2022,GTGTGYCAGCMGCCGCGGTAA,Pennsylvania,0.136198547,Tuttle Pond,BacSwab00274,N/A,Rana catesbeiana,6608,DNA
PA128.DNA,CAAAGGAG,515rcbc171,7/18/2022,GTGTGYCAGCMGCCGCGGTAA,Pennsylvania,2.092609083,Tuttle Pond,BacSwab00228,N/A,Rana catesbeiana,6738,DNA
PA132.DNA,CTTGGAGG,515rcbc97,7/19/2022,GTGTGYCAGCMGCCGCGGTAA,Pennsylvania,0,Tuttle Pond,BacSwab00232a,N/A,Rana catesbeiana,4268,DNA
PA208.RNA,TATCCTGG,515rcbc426,9/30/2022,GTGTGYCAGCMGCCGCGGTAA,Pennsylvania,0.413306452,Tuttle Pond,BacSwab00269,N/A,Rana catesbeiana,9920,RNA
PA15.RNA,ACGTATTC,515rcbc219,6/27/2022,GTGTGYCAGCMGCCGCGGTAA,Pennsylvania,0.091962479,Vorisek Pond,BacSwab00133,N/A,Rana catesbeiana,5437,RNA
PA141.DNA,TAGTTCGG,515rcbc150,7/19/2022,GTGTGYCAGCMGCCGCGGTAA,Pennsylvania,0.35857414,Tuttle Pond,BacSwab00240,N/A,Rana catesbeiana,4741,DNA
PA118.DNA,CCTCACTA,515rcbc138,7/18/2022,GTGTGYCAGCMGCCGCGGTAA,Pennsylvania,1.728013487,Tuttle Pond,BacSwab00219,N/A,Rana catesbeiana,7118,DNA
PA125.RNA,CACAACCA,515rcbc275,7/18/2022,GTGTGYCAGCMGCCGCGGTAA,Pennsylvania,1.133651551,Tuttle Pond,BacSwab00225,N/A,Rana catesbeiana,5028,RNA
PA197.DNA,TCGAGAGT,515rcbc112,9/10/2022,GTGTGYCAGCMGCCGCGGTAA,Pennsylvania,0.387824656,RV Pond,BacSwab00258,N/A,Rana catesbeiana,8509,DNA
PA200.DNA,GGAGAACG,515rcbc115,9/10/2022,GTGTGYCAGCMGCCGCGGTAA,Pennsylvania,0.057493292,RV Pond,BacSwab00261,N/A,Rana catesbeiana,5218,DNA
PA148.DNA,GTCACTCC,515rcbc148,7/19/2022,GTGTGYCAGCMGCCGCGGTAA,Pennsylvania,0.312539067,Tuttle Pond,BacSwab00247,N/A,Rana catesbeiana,7999,DNA
PA194.DNA,TCCATACC,515rcbc1,9/10/2022,GTGTGYCAGCMGCCGCGGTAA,Pennsylvania,0.295998106,RV Pond,BacSwab00255,N/A,Rana catesbeiana,8446,DNA
PA210.DNA,AGCAGTGC,515rcbc135,9/30/2022,GTGTGYCAGCMGCCGCGGTAA,Pennsylvania,0.604229607,Tuttle Pond,BacSwab00271,N/A,Rana catesbeiana,3972,DNA
PA153.DNA,CAGGAACC,515rcbc159,7/19/2022,GTGTGYCAGCMGCCGCGGTAA,Pennsylvania,0.289365807,Tuttle Pond,BacSwab00252,N/A,Rana catesbeiana,4147,DNA
PA205.DNA,GGATACTC,515rcbc133,9/30/2022,GTGTGYCAGCMGCCGCGGTAA,Pennsylvania,0.303582271,Tuttle Pond,BacSwab00266,N/A,Rana catesbeiana,3294,DNA
PA146.DNA,CGCTGTGG,515rcbc173,7/19/2022,GTGTGYCAGCMGCCGCGGTAA,Pennsylvania,0.026553372,Tuttle Pond,BacSwab00245,N/A,Rana catesbeiana,7532,DNA
PA17.RNA,ATTTCCGC,515rcbc250,6/27/2022,GTGTGYCAGCMGCCGCGGTAA,Pennsylvania,0.414691943,Vorisek Pond,BacSwab00135,N/A,Rana catesbeiana,5064,RNA
PA128.RNA,TTAGTTTG,515rcbc267,7/18/2022,GTGTGYCAGCMGCCGCGGTAA,Pennsylvania,2.366722448,Tuttle Pond,BacSwab00228,N/A,Rana catesbeiana,4183,RNA
PA13.RNA,TATACCGC,515rcbc403,7/18/2022,GTGTGYCAGCMGCCGCGGTAA,Pennsylvania,0,Tuttle Pond,BacSwab00224,N/A,Rana catesbeiana,7616,RNA
PA148.RNA,AGGGACTT,515rcbc244,7/19/2022,GTGTGYCAGCMGCCGCGGTAA,Pennsylvania,0.433636596,Tuttle Pond,BacSwab00247,N/A,Rana catesbeiana,11761,RNA
PA155.RNA,AATAAGCA,515rcbc463,7/19/2022,GTGTGYCAGCMGCCGCGGTAA,Pennsylvania,0.062053987,Tuttle Pond,BacSwab00254,N/A,Rana pipiens,6446,RNA
PA126.DNA,CCGGCGAC,515rcbc137,7/18/2022,GTGTGYCAGCMGCCGCGGTAA,Pennsylvania,0,Tuttle Pond,BacSwab00226,N/A,Rana catesbeiana,5073,DNA
PA141.RNA,TGGCAGCG,515rcbc246,7/19/2022,GTGTGYCAGCMGCCGCGGTAA,Pennsylvania,0.468140442,Tuttle Pond,BacSwab00240,N/A,Rana catesbeiana,3845,RNA
PA200.RNA,AGATTCGC,515rcbc211,9/10/2022,GTGTGYCAGCMGCCGCGGTAA,Pennsylvania,0,RV Pond,BacSwab00261,N/A,Rana catesbeiana,7346,RNA
PA197.RNA,TTCAGTTC,515rcbc208,9/10/2022,GTGTGYCAGCMGCCGCGGTAA,Pennsylvania,0.181300181,RV Pond,BacSwab00258,N/A,Rana catesbeiana,7722,RNA
PA132.RNA,GGCGTAAC,515rcbc193,7/19/2022,GTGTGYCAGCMGCCGCGGTAA,Pennsylvania,0.108412836,Tuttle Pond,BacSwab00232a,N/A,Rana catesbeiana,4612,RNA
PA78.DNA,AATTTCCT,515rcbc456,7/12/2022,GTGTGYCAGCMGCCGCGGTAA,Pennsylvania,0,RV Pond,BacSwab00180,N/A,Rana catesbeiana,5802,DNA
PA210.RNA,TTACTTAT,515rcbc231,9/30/2022,GTGTGYCAGCMGCCGCGGTAA,Pennsylvania,0.59871047,Tuttle Pond,BacSwab00271,N/A,Rana catesbeiana,6514,RNA
PA18.DNA,CCACGAGC,515rcbc169,6/27/2022,GTGTGYCAGCMGCCGCGGTAA,Pennsylvania,0.091962479,Vorisek Pond,BacSwab00136,N/A,Rana catesbeiana,5437,DNA
PA153.RNA,GATGCCTA,515rcbc255,7/19/2022,GTGTGYCAGCMGCCGCGGTAA,Pennsylvania,0.16080402,Tuttle Pond,BacSwab00252,N/A,Rana catesbeiana,4975,RNA
PA150.DNA,TCCGGCGG,515rcbc117,7/19/2022,GTGTGYCAGCMGCCGCGGTAA,Pennsylvania,0.086749078,Tuttle Pond,BacSwab00249,N/A,Rana catesbeiana,9222,DNA
PA206.DNA,GCAACGAA,515rcbc130,9/30/2022,GTGTGYCAGCMGCCGCGGTAA,Pennsylvania,0.99009901,Tuttle Pond,BacSwab00267,N/A,Rana catesbeiana,3131,DNA
PA40.RNA,TCGCTACA,515rcbc257,7/11/2022,GTGTGYCAGCMGCCGCGGTAA,Pennsylvania,0.099850225,RV Pond,BacSwab00150,N/A,Rana catesbeiana,4006,RNA
PA213.RNA,TTATCCAG,515rcbc340,9/30/2022,GTGTGYCAGCMGCCGCGGTAA,Pennsylvania,0.067139127,Tuttle Pond,BacSwab00274,N/A,Rana catesbeiana,13405,RNA
PA130.DNA,CGATGAAT,515rcbc187,7/18/2022,GTGTGYCAGCMGCCGCGGTAA,Pennsylvania,0.579278385,Tuttle Pond,BacSwab00230,N/A,Rana catesbeiana,6042,DNA
PA146.RNA,ATTATGAT,515rcbc269,7/19/2022,GTGTGYCAGCMGCCGCGGTAA,Pennsylvania,0.036603221,Tuttle Pond,BacSwab00245,N/A,Rana catesbeiana,5464,RNA
PA198.DNA,TAGTCTAA,515rcbc177,9/10/2022,GTGTGYCAGCMGCCGCGGTAA,Pennsylvania,0.238717745,RV Pond,BacSwab00259,N/A,Rana catesbeiana,8797,DNA
PA144.DNA,TGCGGCGT,515rcbc172,7/19/2022,GTGTGYCAGCMGCCGCGGTAA,Pennsylvania,0.31303358,Tuttle Pond,BacSwab00243,N/A,Rana catesbeiana,3514,DNA
PA149.DNA,CTTGCTCA,515rcbc174,7/19/2022,GTGTGYCAGCMGCCGCGGTAA,Pennsylvania,0.129743756,Tuttle Pond,BacSwab00241,N/A,Rana catesbeiana,3083,DNA
PA195.DNA,GTTTGAAA,515rcbc178,9/10/2022,GTGTGYCAGCMGCCGCGGTAA,Pennsylvania,0.214840522,RV Pond,BacSwab00256,N/A,Rana catesbeiana,6051,DNA
PA18.RNA,CTCAGCGG,515rcbc265,6/27/2022,GTGTGYCAGCMGCCGCGGTAA,Pennsylvania,0.064370776,Vorisek Pond,BacSwab00136,N/A,Rana catesbeiana,6214,RNA
PA150.RNA,AGACTTCT,515rcbc213,7/19/2022,GTGTGYCAGCMGCCGCGGTAA,Pennsylvania,0.116076611,Tuttle Pond,BacSwab00249,N/A,Rana catesbeiana,8615,RNA
PA220.RNA,AACCACTA,515rcbc198,9/30/2022,GTGTGYCAGCMGCCGCGGTAA,Pennsylvania,0.137911011,Tuttle Pond,BacSwab00281,N/A,Rana catesbeiana,13777,RNA
PA206.RNA,CCGCAGCC,515rcbc229,9/30/2022,GTGTGYCAGCMGCCGCGGTAA,Pennsylvania,0.147956353,Tuttle Pond,BacSwab00267,N/A,Rana catesbeiana,5407,RNA
PA14.DNA,CTAATCAG,515rcbc139,6/27/2022,GTGTGYCAGCMGCCGCGGTAA,Pennsylvania,0.268096515,Vorisek Pond,BacSwab00132,N/A,Rana catesbeiana,4849,DNA
PA201.DNA,TAATCCAT,515rcbc118,9/10/2022,GTGTGYCAGCMGCCGCGGTAA,Pennsylvania,1.589001964,RV Pond,BacSwab00262,N/A,Rana catesbeiana,5601,DNA
PA154.DNA,ACTCTGTA,515rcbc144,7/19/2022,GTGTGYCAGCMGCCGCGGTAA,Pennsylvania,2.268145161,Tuttle Pond,BacSwab00253,N/A,Rana pipiens,7936,DNA
PA144.RNA,CCGGCCGC,515rcbc268,7/19/2022,GTGTGYCAGCMGCCGCGGTAA,Pennsylvania,0.195026816,Tuttle Pond,BacSwab00243,N/A,Rana catesbeiana,4102,RNA
PA211.DNA,TGCGCGCC,515rcbc434,9/30/2022,GTGTGYCAGCMGCCGCGGTAA,Pennsylvania,0.131578947,Tuttle Pond,BacSwab00272,N/A,Rana catesbeiana,3800,DNA
PA239.DNA,TCCGCTGC,515rcbc422,9/10/2022,GTGTGYCAGCMGCCGCGGTAA,Pennsylvania,0.121988411,RV Pond,BacSwab00303,N/A,Rana catesbeiana,6558,DNA
PA218.DNA,ATGTGCTG,515rcbc157,9/30/2022,GTGTGYCAGCMGCCGCGGTAA,Pennsylvania,0.099502488,Tuttle Pond,BacSwab00279,N/A,Rana catesbeiana,5025,DNA
PA147.DNA,AGCCGCGG,515rcbc185,7/19/2022,GTGTGYCAGCMGCCGCGGTAA,Pennsylvania,0.081599347,Tuttle Pond,BacSwab00246,N/A,Rana catesbeiana,2451,DNA
PA41.DNA,CTACAGGG,515rcbc96,7/11/2022,GTGTGYCAGCMGCCGCGGTAA,Pennsylvania,0.119924619,RV Pond,BacSwab00151,N/A,Rana catesbeiana,11674,DNA
PA149.RNA,CGAATACT,515rcbc270,7/19/2022,GTGTGYCAGCMGCCGCGGTAA,Pennsylvania,0.225309801,Tuttle Pond,BacSwab00241,N/A,Rana catesbeiana,2663,RNA
PA225.RNA,ATGCCTCG,515rcbc266,9/30/2022,GTGTGYCAGCMGCCGCGGTAA,Pennsylvania,0.130645763,Tuttle Pond,BacSwab00277,N/A,Rana catesbeiana,5358,RNA
PA201.RNA,TCTTGCGG,515rcbc214,9/10/2022,GTGTGYCAGCMGCCGCGGTAA,Pennsylvania,2.117822521,RV Pond,BacSwab00262,N/A,Rana catesbeiana,6705,RNA
PA19.DNA,TCGTTATT,515rcbc132,6/27/2022,GTGTGYCAGCMGCCGCGGTAA,Pennsylvania,0.052514113,Vorisek Pond,BacSwab00137,N/A,Rana catesbeiana,7617,DNA
PA154.RNA,ACGGCGTT,515rcbc240,7/19/2022,GTGTGYCAGCMGCCGCGGTAA,Pennsylvania,2.348888193,Tuttle Pond,BacSwab00253,N/A,Rana pipiens,9579,RNA
PA17.DNA,GTCAGGTG,515rcbc154,6/27/2022,GTGTGYCAGCMGCCGCGGTAA,Pennsylvania,0.33060037,Vorisek Pond,BacSwab00135,N/A,Rana catesbeiana,7562,DNA
PA2042.DNA,ATGTTAGG,515rcbc384,9/30/2022,GTGTGYCAGCMGCCGCGGTAA,Pennsylvania,0.019565643,Tuttle Pond,BacSwab00265,N/A,Rana catesbeiana,10222,DNA
PA151.DNA,TTAATGGA,515rcbc151,7/18/2022,GTGTGYCAGCMGCCGCGGTAA,Pennsylvania,0.685425685,Tuttle Pond,BacSwab00212,N/A,Rana catesbeiana,2772,DNA
PA38.DNA,GGCTTCGG,515rcbc398,6/28/2022,GTGTGYCAGCMGCCGCGGTAA,Pennsylvania,0.085609109,Vorisek Pond,BacSwab00148,N/A,Rana catesbeiana,11681,DNA
PA241.RNA,AGAATCCA,515rcbc239,9/10/2022,GTGTGYCAGCMGCCGCGGTAA,Pennsylvania,0.326370757,RV Pond,BacSwab00301,N/A,Rana catesbeiana,4596,RNA
PA78.RNA,ATCAAGAT,515rcbc462,7/12/2022,GTGTGYCAGCMGCCGCGGTAA,Pennsylvania,0.834851245,RV Pond,BacSwab00180,N/A,Rana catesbeiana,13176,RNA
PA195.RNA,ACACCGCA,515rcbc274,9/10/2022,GTGTGYCAGCMGCCGCGGTAA,Pennsylvania,0.159936026,RV Pond,BacSwab00256,N/A,Rana catesbeiana,2501,RNA
PA86.RNA,CTGATGTA,515rcbc218,7/12/2022,GTGTGYCAGCMGCCGCGGTAA,Pennsylvania,0.199600798,RV Pond,BacSwab00188,N/A,Rana catesbeiana,4509,RNA
PA223.DNA,AATTAATA,515rcbc127,9/30/2022,GTGTGYCAGCMGCCGCGGTAA,Pennsylvania,0.192771084,Tuttle Pond,BacSwab00284,N/A,Rana catesbeiana,2075,DNA
PA202.DNA,ACGGTACC,515rcbc101,9/10/2022,GTGTGYCAGCMGCCGCGGTAA,Pennsylvania,0.330915108,RV Pond,BacSwab00263,N/A,Rana catesbeiana,7857,DNA
PA73.DNA,GTTCATTA,515rcbc108,7/12/2022,GTGTGYCAGCMGCCGCGGTAA,Pennsylvania,0.388958595,RV Pond,BacSwab00175,N/A,Rana catesbeiana,7970,DNA
PA19.RNA,CGCAATGA,515rcbc228,6/27/2022,GTGTGYCAGCMGCCGCGGTAA,Pennsylvania,0.077808901,Vorisek Pond,BacSwab00137,N/A,Rana catesbeiana,6426,RNA
PA63.RNA,CCGAGGTA,515rcbc210,7/12/2022,GTGTGYCAGCMGCCGCGGTAA,Pennsylvania,0.225542712,RV Pond,BacSwab00165,N/A,Rana catesbeiana,3547,RNA
PA207.DNA,AGTATATG,515rcbc420,9/30/2022,GTGTGYCAGCMGCCGCGGTAA,Pennsylvania,0.038498556,Tuttle Pond,BacSwab00268,N/A,Rana catesbeiana,5195,DNA
PA218.RNA,ACTAAGTA,515rcbc253,9/30/2022,GTGTGYCAGCMGCCGCGGTAA,Pennsylvania,0.102796053,Tuttle Pond,BacSwab00279,N/A,Rana catesbeiana,4864,RNA
PA211.RNA,GTAAACGA,515rcbc440,9/30/2022,GTGTGYCAGCMGCCGCGGTAA,Pennsylvania,0.24577573,Tuttle Pond,BacSwab00272,N/A,Rana catesbeiana,3255,RNA
PA198.RNA,GTTGCTGA,515rcbc273,9/10/2022,GTGTGYCAGCMGCCGCGGTAA,Pennsylvania,0.038306838,RV Pond,BacSwab00259,N/A,Rana catesbeiana,5221,RNA
PA196.DNA,TTCGATGC,515rcbc120,9/10/2022,GTGTGYCAGCMGCCGCGGTAA,Pennsylvania,0.337306049,RV Pond,BacSwab00257,N/A,Rana catesbeiana,4447,DNA
PA242.DNA,CCAACCCA,515rcbc183,6/27/2022,GTGTGYCAGCMGCCGCGGTAA,Pennsylvania,0.225818592,Vorisek Pond,BacSwab00142,N/A,Rana catesbeiana,7971,DNA
PA21.DNA,CACACAAA,515rcbc153,6/27/2022,GTGTGYCAGCMGCCGCGGTAA,Pennsylvania,0.140291807,Vorisek Pond,BacSwab00139,N/A,Rana catesbeiana,3564,DNA
PA92.DNA,CGAGGCGA,515rcbc165,7/18/2022,GTGTGYCAGCMGCCGCGGTAA,Pennsylvania,0.265996749,Tuttle Pond,BacSwab00192,N/A,Rana catesbeiana,6767,DNA
PA223.RNA,AACCGCAT,515rcbc223,9/30/2022,GTGTGYCAGCMGCCGCGGTAA,Pennsylvania,0.346553716,Tuttle Pond,BacSwab00284,N/A,Rana catesbeiana,5194,RNA
PA214.DNA,CGCAAGCC,515rcbc409,9/30/2022,GTGTGYCAGCMGCCGCGGTAA,Pennsylvania,0.053440214,Tuttle Pond,BacSwab00275,N/A,Rana catesbeiana,7485,DNA
PA2252.DNA,ATATTGGC,515rcbc469,9/30/2022,GTGTGYCAGCMGCCGCGGTAA,Pennsylvania,0.782854209,Tuttle Pond,BacSwab00286,N/A,Rana catesbeiana,7792,DNA
PA239.RNA,GTTGAAGC,515rcbc428,9/10/2022,GTGTGYCAGCMGCCGCGGTAA,Pennsylvania,0.524567232,RV Pond,BacSwab00303,N/A,Rana catesbeiana,5719,RNA
PA73.RNA,CGCGCAAG,515rcbc204,7/12/2022,GTGTGYCAGCMGCCGCGGTAA,Pennsylvania,0.587544066,RV Pond,BacSwab00175,N/A,Rana catesbeiana,7659,RNA
PA64.DNA,CTGCGGAT,515rcbc445,7/12/2022,GTGTGYCAGCMGCCGCGGTAA,Pennsylvania,0.033361134,RV Pond,BacSwab00166,N/A,Rana catesbeiana,5995,DNA
PA21.RNA,AGTGTTTC,515rcbc249,6/27/2022,GTGTGYCAGCMGCCGCGGTAA,Pennsylvania,0.164203612,Vorisek Pond,BacSwab00139,N/A,Rana catesbeiana,7308,RNA
PA98.DNA,CCGATAAA,515rcbc158,7/18/2022,GTGTGYCAGCMGCCGCGGTAA,Pennsylvania,0.21192855,Tuttle Pond,BacSwab00198,N/A,Rana catesbeiana,9909,DNA
PA41.RNA,CCTCGCAT,515rcbc192,7/11/2022,GTGTGYCAGCMGCCGCGGTAA,Pennsylvania,0.108889329,RV Pond,BacSwab00151,N/A,Rana catesbeiana,10102,RNA
PA212.DNA,GGCTCGTC,515rcbc432,9/30/2022,GTGTGYCAGCMGCCGCGGTAA,Pennsylvania,0.245231608,Tuttle Pond,BacSwab00273,N/A,Rana catesbeiana,3670,DNA
PA48.DNA,GTGCCGGC,515rcbc109,7/11/2022,GTGTGYCAGCMGCCGCGGTAA,Pennsylvania,0,RV Pond,BacSwab00158,N/A,Rana catesbeiana,4645,DNA
PA26.DNA,TCATCCGT,515rcbc386,6/27/2022,GTGTGYCAGCMGCCGCGGTAA,Pennsylvania,0.16025641,Vorisek Pond,BacSwab00144,N/A,Rana catesbeiana,7488,DNA
PA45.RNA,CTATCTCC,515rcbc215,7/11/2022,GTGTGYCAGCMGCCGCGGTAA,Pennsylvania,0,RV Pond,BacSwab00155,N/A,Rana catesbeiana,6644,RNA
PA219.DNA,ACTAAAGC,515rcbc162,9/30/2022,GTGTGYCAGCMGCCGCGGTAA,Pennsylvania,0.518672199,Tuttle Pond,BacSwab00280,N/A,Rana catesbeiana,3856,DNA
PA70.RNA,ATAGTCCT,515rcbc259,7/12/2022,GTGTGYCAGCMGCCGCGGTAA,Pennsylvania,0.371807307,RV Pond,BacSwab00172,N/A,Rana catesbeiana,6186,RNA
PA92.RNA,AGTGCAGG,515rcbc261,7/18/2022,GTGTGYCAGCMGCCGCGGTAA,Pennsylvania,0.20952647,Tuttle Pond,BacSwab00192,N/A,Rana catesbeiana,7159,RNA
PA38.RNA,CTTACACT,515rcbc404,6/28/2022,GTGTGYCAGCMGCCGCGGTAA,Pennsylvania,0,Vorisek Pond,BacSwab00148,N/A,Rana catesbeiana,7113,RNA
PA214.RNA,CAGTGCAC,515rcbc415,9/30/2022,GTGTGYCAGCMGCCGCGGTAA,Pennsylvania,1.742160279,Tuttle Pond,BacSwab00275,N/A,Rana catesbeiana,1148,RNA
PA48.RNA,AATACAGA,515rcbc205,7/11/2022,GTGTGYCAGCMGCCGCGGTAA,Pennsylvania,0,RV Pond,BacSwab00158,N/A,Rana catesbeiana,7112,RNA
PA66.DNA,TCAAGTCC,515rcbc152,7/12/2022,GTGTGYCAGCMGCCGCGGTAA,Pennsylvania,0,RV Pond,BacSwab00168,N/A,Rana catesbeiana,4045,DNA
PA83.DNA,TAAGGCAT,515rcbc141,7/12/2022,GTGTGYCAGCMGCCGCGGTAA,Pennsylvania,0.518213687,RV Pond,BacSwab00185,N/A,Rana catesbeiana,6561,DNA
PA74.DNA,ATATGTTC,515rcbc156,7/12/2022,GTGTGYCAGCMGCCGCGGTAA,Pennsylvania,0.459866221,RV Pond,BacSwab00176,N/A,Rana catesbeiana,4784,DNA
PA242.RNA,AGGGTGAC,515rcbc279,6/27/2022,GTGTGYCAGCMGCCGCGGTAA,Pennsylvania,0.183194919,Vorisek Pond,BacSwab00142,N/A,Rana catesbeiana,8188,RNA
PA98.RNA,CACCCTTG,515rcbc254,7/18/2022,GTGTGYCAGCMGCCGCGGTAA,Pennsylvania,0.087070091,Tuttle Pond,BacSwab00198,N/A,Rana catesbeiana,4594,RNA
PA224.DNA,GCGCACAC,515rcbc446,9/30/2022,GTGTGYCAGCMGCCGCGGTAA,Pennsylvania,0.115273775,Tuttle Pond,BacSwab00304,N/A,Rana catesbeiana,5205,DNA
PA46.DNA,CGGTCAAT,515rcbc410,7/11/2022,GTGTGYCAGCMGCCGCGGTAA,Pennsylvania,0,RV Pond,BacSwab00156,N/A,Rana catesbeiana,2641,DNA
PA79.DNA,ACATGGGC,515rcbc433,7/12/2022,GTGTGYCAGCMGCCGCGGTAA,Pennsylvania,0.128369705,RV Pond,BacSwab00181,N/A,Rana catesbeiana,4674,DNA
PA75.RNA,ACGTGCCT,515rcbc242,7/12/2022,GTGTGYCAGCMGCCGCGGTAA,Pennsylvania,0.415162455,RV Pond,BacSwab00177,N/A,Rana catesbeiana,5540,RNA
PA80.RNA,TCCGCCTA,515rcbc203,7/12/2022,GTGTGYCAGCMGCCGCGGTAA,Pennsylvania,0.210727969,RV Pond,BacSwab00182,N/A,Rana catesbeiana,5220,RNA
PA94.DNA,CTAGCGTG,515rcbc176,7/18/2022,GTGTGYCAGCMGCCGCGGTAA,Pennsylvania,0,Tuttle Pond,BacSwab00194,N/A,Rana pipiens,603,DNA
PA66.RNA,TATGTTGA,515rcbc248,7/12/2022,GTGTGYCAGCMGCCGCGGTAA,Pennsylvania,0,RV Pond,BacSwab00168,N/A,Rana catesbeiana,4846,RNA
PA51.DNA,CCTTGACC,515rcbc110,7/11/2022,GTGTGYCAGCMGCCGCGGTAA,Pennsylvania,0.528488852,RV Pond,BacSwab00161,N/A,Rana catesbeiana,6055,DNA
PA64.RNA,TGAACCCT,515rcbc451,7/12/2022,GTGTGYCAGCMGCCGCGGTAA,Pennsylvania,0.156358582,RV Pond,BacSwab00166,N/A,Rana catesbeiana,5756,RNA
PA71.DNA,TACAGCGC,515rcbc190,7/12/2022,GTGTGYCAGCMGCCGCGGTAA,Pennsylvania,0,RV Pond,BacSwab00173,N/A,Rana catesbeiana,3607,DNA
PA49.DNA,GCATATGC,515rcbc136,7/11/2022,GTGTGYCAGCMGCCGCGGTAA,Pennsylvania,0,RV Pond,BacSwab00159,N/A,Rana catesbeiana,8066,DNA
PA43.DNA,TTAAGTTA,515rcbc184,7/11/2022,GTGTGYCAGCMGCCGCGGTAA,Pennsylvania,0.192480431,RV Pond,BacSwab00153,N/A,Rana catesbeiana,7793,DNA
PA99.DNA,ATAAACGG,515rcbc468,7/18/2022,GTGTGYCAGCMGCCGCGGTAA,Pennsylvania,0.096525097,Tuttle Pond,BacSwab00199,N/A,Rana catesbeiana,8288,DNA
PA94.RNA,TAAGGTCG,515rcbc272,7/18/2022,GTGTGYCAGCMGCCGCGGTAA,Pennsylvania,2.099895005,Tuttle Pond,BacSwab00194,N/A,Rana pipiens,6667,RNA
PA36.DNA,GCATAAAC,515rcbc160,6/28/2022,GTGTGYCAGCMGCCGCGGTAA,Pennsylvania,0,Vorisek Pond,BacSwab00146,N/A,Rana catesbeiana,4978,DNA
PA39.DNA,CGCCGTAC,515rcbc181,6/28/2022,GTGTGYCAGCMGCCGCGGTAA,Pennsylvania,0.157133878,Vorisek Pond,BacSwab00149,N/A,Rana catesbeiana,3182,DNA
PA83.RNA,GTGTCGAG,515rcbc237,7/12/2022,GTGTGYCAGCMGCCGCGGTAA,Pennsylvania,0.250438267,RV Pond,BacSwab00185,N/A,Rana catesbeiana,3993,RNA
PA42.DNA,AGAGGGTG,515rcbc121,7/11/2022,GTGTGYCAGCMGCCGCGGTAA,Pennsylvania,0.064164261,RV Pond,BacSwab00152,N/A,Rana catesbeiana,6234,DNA
PA74.RNA,CATTTGAC,515rcbc252,7/12/2022,GTGTGYCAGCMGCCGCGGTAA,Pennsylvania,0.489496227,RV Pond,BacSwab00176,N/A,Rana catesbeiana,9806,RNA
PA93.DNA,TTGAACAA,515rcbc155,7/18/2022,GTGTGYCAGCMGCCGCGGTAA,Pennsylvania,0.465236495,Tuttle Pond,BacSwab00193,N/A,Rana catesbeiana,3869,DNA
PA46.RNA,ACTCACAG,515rcbc416,7/11/2022,GTGTGYCAGCMGCCGCGGTAA,Pennsylvania,0.066934404,RV Pond,BacSwab00156,N/A,Rana catesbeiana,5976,RNA
PA71.RNA,CAGCCCTA,515rcbc286,7/12/2022,GTGTGYCAGCMGCCGCGGTAA,Pennsylvania,0.037735849,RV Pond,BacSwab00173,N/A,Rana catesbeiana,5300,RNA
PA26.RNA,ACATAGCG,515rcbc392,6/27/2022,GTGTGYCAGCMGCCGCGGTAA,Pennsylvania,0,Vorisek Pond,BacSwab00144,N/A,Rana catesbeiana,7556,RNA
PA65.DNA,AACTCAAT,515rcbc167,7/12/2022,GTGTGYCAGCMGCCGCGGTAA,Pennsylvania,0.196270854,RV Pond,BacSwab00167,N/A,Rana catesbeiana,5095,DNA
PA68.DNA,ATGACTAA,515rcbc189,7/12/2022,GTGTGYCAGCMGCCGCGGTAA,Pennsylvania,0.199233716,RV Pond,BacSwab00170,N/A,Rana catesbeiana,6525,DNA
PA2252.RNA,TATGGGTA,515rcbc475,9/30/2022,GTGTGYCAGCMGCCGCGGTAA,Pennsylvania,0.43956044,Tuttle Pond,BacSwab00286,N/A,Rana catesbeiana,4095,RNA
PA76.DNA,CTACTCCA,515rcbc140,7/12/2022,GTGTGYCAGCMGCCGCGGTAA,Pennsylvania,0.393534786,RV Pond,BacSwab00178,N/A,Rana catesbeiana,7115,DNA
PA51.RNA,GGACAAGT,515rcbc206,7/11/2022,GTGTGYCAGCMGCCGCGGTAA,Pennsylvania,0.188531029,RV Pond,BacSwab00161,N/A,Rana catesbeiana,6365,RNA
PA49.RNA,ATGGGACC,515rcbc232,7/11/2022,GTGTGYCAGCMGCCGCGGTAA,Pennsylvania,0,RV Pond,BacSwab00159,N/A,Rana catesbeiana,6647,RNA
PA36.RNA,GTACGTCA,515rcbc256,6/28/2022,GTGTGYCAGCMGCCGCGGTAA,Pennsylvania,0.098154692,Vorisek Pond,BacSwab00146,N/A,Rana catesbeiana,5094,RNA
PA81.DNA,TCATTAGC,515rcbc180,7/12/2022,GTGTGYCAGCMGCCGCGGTAA,Pennsylvania,0.16944366,RV Pond,BacSwab00183,N/A,Rana catesbeiana,3541,DNA
PA85.DNA,ACGACAAC,515rcbc175,7/12/2022,GTGTGYCAGCMGCCGCGGTAA,Pennsylvania,0.664746288,RV Pond,BacSwab00187,N/A,Rana catesbeiana,4513,DNA
PA25.DNA,AGATGTCC,515rcbc131,6/27/2022,GTGTGYCAGCMGCCGCGGTAA,Pennsylvania,0.072886297,Vorisek Pond,BacSwab00143,N/A,Rana catesbeiana,8232,DNA
PA96.DNA,AGCGCGGC,515rcbc142,7/18/2022,GTGTGYCAGCMGCCGCGGTAA,Pennsylvania,1.983769161,Tuttle Pond,BacSwab00196,N/A,Rana catesbeiana,3327,DNA
PA79.RNA,ACAAAGGT,515rcbc439,7/12/2022,GTGTGYCAGCMGCCGCGGTAA,Pennsylvania,0.284974093,RV Pond,BacSwab00181,N/A,Rana catesbeiana,7720,RNA
PA39.RNA,GTTAACTT,515rcbc277,6/28/2022,GTGTGYCAGCMGCCGCGGTAA,Pennsylvania,0.011176931,Vorisek Pond,BacSwab00149,N/A,Rana catesbeiana,8947,RNA
PA224.RNA,TTGGACGT,515rcbc452,9/30/2022,GTGTGYCAGCMGCCGCGGTAA,Pennsylvania,0.137804318,Tuttle Pond,BacSwab00304,N/A,Rana catesbeiana,4354,RNA
PA72.DNA,CGTTCTGG,515rcbc149,7/12/2022,GTGTGYCAGCMGCCGCGGTAA,Pennsylvania,0.08097166,RV Pond,BacSwab00174,N/A,Rana catesbeiana,4940,DNA
PA44.RNA,GTCGCTTG,515rcbc202,7/11/2022,GTGTGYCAGCMGCCGCGGTAA,Pennsylvania,0.079529187,RV Pond,BacSwab00154,N/A,Rana catesbeiana,6287,RNA
PA76.RNA,CACCATCT,515rcbc236,7/12/2022,GTGTGYCAGCMGCCGCGGTAA,Pennsylvania,0.434782609,RV Pond,BacSwab00178,N/A,Rana catesbeiana,3450,RNA
PA37.DNA,TTCCAATA,515rcbc166,6/28/2022,GTGTGYCAGCMGCCGCGGTAA,Pennsylvania,0.272209849,Vorisek Pond,BacSwab00147,N/A,Rana catesbeiana,4041,DNA
PA23.DNA,CAAACTGC,515rcbc111,6/27/2022,GTGTGYCAGCMGCCGCGGTAA,Pennsylvania,0.199600798,Vorisek Pond,BacSwab00141,N/A,Rana catesbeiana,4509,DNA
PA93.RNA,CAAACCTA,515rcbc251,7/18/2022,GTGTGYCAGCMGCCGCGGTAA,Pennsylvania,0.530071356,Tuttle Pond,BacSwab00193,N/A,Rana catesbeiana,4905,RNA
PA52.DNA,CGACACGG,515rcbc113,7/11/2022,GTGTGYCAGCMGCCGCGGTAA,Pennsylvania,0.846727899,RV Pond,BacSwab00162,N/A,Rana catesbeiana,6968,DNA
PA96.RNA,TTCCACAC,515rcbc238,7/18/2022,GTGTGYCAGCMGCCGCGGTAA,Pennsylvania,2.102189781,Tuttle Pond,BacSwab00196,N/A,Rana catesbeiana,3425,RNA
PA65.RNA,ATAGGAAT,515rcbc263,7/12/2022,GTGTGYCAGCMGCCGCGGTAA,Pennsylvania,0.433839479,RV Pond,BacSwab00167,N/A,Rana catesbeiana,5532,RNA
PA85.RNA,TCTTATAA,515rcbc271,7/12/2022,GTGTGYCAGCMGCCGCGGTAA,Pennsylvania,1.065814015,RV Pond,BacSwab00187,N/A,Rana catesbeiana,3753,RNA
PA68.RNA,CGGAGAGA,515rcbc285,7/12/2022,GTGTGYCAGCMGCCGCGGTAA,Pennsylvania,0.324196876,RV Pond,BacSwab00170,N/A,Rana catesbeiana,3393,RNA
PA241.DNA,TAGCAGTT,515rcbc143,9/10/2022,GTGTGYCAGCMGCCGCGGTAA,Pennsylvania,0.091033227,RV Pond,BacSwab00301,N/A,Rana catesbeiana,6591,DNA
PA42.RNA,GATCTAAT,515rcbc217,7/11/2022,GTGTGYCAGCMGCCGCGGTAA,Pennsylvania,0.171049818,RV Pond,BacSwab00152,N/A,Rana catesbeiana,4677,RNA
PA99.RNA,CTGAGGCC,515rcbc474,7/18/2022,GTGTGYCAGCMGCCGCGGTAA,Pennsylvania,0.968588148,Tuttle Pond,BacSwab00199,N/A,Rana catesbeiana,14867,RNA
PA82.DNA,AGATCGTG,515rcbc126,7/12/2022,GTGTGYCAGCMGCCGCGGTAA,Pennsylvania,3.12911726,RV Pond,BacSwab00184,N/A,Rana catesbeiana,3036,DNA
PA225.DNA,GCGTGCCC,515rcbc170,9/30/2022,GTGTGYCAGCMGCCGCGGTAA,Pennsylvania,0.045526975,Tuttle Pond,BacSwab00277,N/A,Rana catesbeiana,4393,DNA
PA77.DNA,AATGTTCA,515rcbc134,7/12/2022,GTGTGYCAGCMGCCGCGGTAA,Pennsylvania,0.148465853,RV Pond,BacSwab00179,N/A,Rana catesbeiana,6062,DNA
PA25.RNA,GATATACC,515rcbc227,6/27/2022,GTGTGYCAGCMGCCGCGGTAA,Pennsylvania,0.273744347,Vorisek Pond,BacSwab00143,N/A,Rana catesbeiana,8402,RNA
PA72.RNA,CGGCCAGA,515rcbc245,7/12/2022,GTGTGYCAGCMGCCGCGGTAA,Pennsylvania,0.071479628,RV Pond,BacSwab00174,N/A,Rana catesbeiana,5596,RNA
PA63.DNA,CCTACCAT,515rcbc116,7/12/2022,GTGTGYCAGCMGCCGCGGTAA,Pennsylvania,0.058173357,RV Pond,BacSwab00165,N/A,Rana catesbeiana,6876,DNA
PA23.RNA,TACGGTCT,515rcbc207,6/27/2022,GTGTGYCAGCMGCCGCGGTAA,Pennsylvania,0.193193639,Vorisek Pond,BacSwab00141,N/A,Rana catesbeiana,6729,RNA
PA75.DNA,CAATCATA,515rcbc146,7/12/2022,GTGTGYCAGCMGCCGCGGTAA,Pennsylvania,0.189010396,RV Pond,BacSwab00177,N/A,Rana catesbeiana,7407,DNA
PA37.RNA,GTACTCGA,515rcbc262,6/28/2022,GTGTGYCAGCMGCCGCGGTAA,Pennsylvania,0.22810219,Vorisek Pond,BacSwab00147,N/A,Rana catesbeiana,4384,RNA
PA97.DNA,GTTCTAAG,515rcbc188,7/18/2022,GTGTGYCAGCMGCCGCGGTAA,Pennsylvania,1.794340925,Tuttle Pond,BacSwab00197,N/A,Rana catesbeiana,5796,DNA
PA40.DNA,ATCGTAGT,515rcbc161,7/11/2022,GTGTGYCAGCMGCCGCGGTAA,Pennsylvania,0,RV Pond,BacSwab00150,N/A,Rana catesbeiana,8231,DNA
PA45.DNA,CCTCCGTC,515rcbc119,7/11/2022,GTGTGYCAGCMGCCGCGGTAA,Pennsylvania,0,RV Pond,BacSwab00155,N/A,Rana catesbeiana,7493,DNA
PA52.RNA,CCGCGTCT,515rcbc209,7/11/2022,GTGTGYCAGCMGCCGCGGTAA,Pennsylvania,1.002227171,RV Pond,BacSwab00162,N/A,Rana catesbeiana,5388,RNA
PA80.DNA,AACAGTAA,515rcbc107,7/12/2022,GTGTGYCAGCMGCCGCGGTAA,Pennsylvania,0.955068374,RV Pond,BacSwab00182,N/A,Rana catesbeiana,4607,DNA
PA70.DNA,TAGGAACT,515rcbc163,7/12/2022,GTGTGYCAGCMGCCGCGGTAA,Pennsylvania,0.189833368,RV Pond,BacSwab00172,N/A,Rana catesbeiana,4741,DNA
PA82.RNA,TTAACAAG,515rcbc222,7/12/2022,GTGTGYCAGCMGCCGCGGTAA,Pennsylvania,3.146853147,RV Pond,BacSwab00184,N/A,Rana catesbeiana,2860,RNA
PA86.DNA,AGCTCTAG,515rcbc122,7/12/2022,GTGTGYCAGCMGCCGCGGTAA,Pennsylvania,0.126395618,RV Pond,BacSwab00188,N/A,Rana catesbeiana,4747,DNA
PA77.RNA,TGGAGCCT,515rcbc230,7/12/2022,GTGTGYCAGCMGCCGCGGTAA,Pennsylvania,0.290892817,RV Pond,BacSwab00179,N/A,Rana catesbeiana,4469,RNA
Pan12.DNA,AGAGCGGA,515rcbc421,Nov-22,,Panama,0.243740306,El Cope,221120_005,Guabal,Colostethus panamansis,4513,DNA
Pan1.RNA,CCTATTGC,515rcbc390,Dec-22,,Panama,0.034600366,El Valle,221212_016,Campestre,Lithobates warzsewitschii,20231,RNA
Pan10.DNA,ACTAGTTG,515rcbc397,Nov-22,,Panama,0.624392951,Santa Fe,221129_004,Altos de Piedra,Lithobates warzsewitschii,7207,DNA
Pan10.RNA,TATACCGC,515rcbc403,Nov-22,,Panama,0.474415452,Santa Fe,221129_004,Altos de Piedra,Lithobates warzsewitschii,5902,RNA
Pan12.RNA,CTGGTGCT,515rcbc427,Nov-22,,Panama,0,El Cope,221120_005,Guabal,Colostethus panamansis,2599,RNA
Pan2.RNA,GTTAGGGA,515rcbc402,Nov-22,,Panama,0.901532605,Santa Fe,221129_003,Altos de Piedra,Lithobates warzsewitschii,19966,RNA
Pan19.DNA,CGGTCAAT,515rcbc410,Dec-22,,Panama,0.011235113,El Valle,221212_020,Campestre,Lithobates warzsewitschii,26702,DNA
Pan3.RNA,AGTACGCA,515rcbc414,Dec-22,,Panama,0.841407445,El Valle,221212_022,Campestre,Lithobates warzsewitschii,23532,RNA
Pan14.DNA,CTGCGGAT,515rcbc445,Nov-22,,Panama,0,Santa Fe,221129_002,Altos de Piedra,Lithobates warzsewitschii,12144,DNA
Pan1.DNA,ATGTTAGG,515rcbc384,Dec-22,GTGTGYCAGCMGCCGCGGTAA,Panama,0.197271083,El Valle,221212_016,Campestre,Lithobates warzsewitschii,6083,DNA
Pan11.DNA,CGCAAGCC,515rcbc409,Dec-22,,Panama,0,El Valle,221212_017,Campestre,Lithobates warzsewitschii,9036,DNA
Pan11.RNA,CAGTGCAC,515rcbc415,Dec-22,,Panama,0.023247704,El Valle,221212_017,Campestre,Lithobates warzsewitschii,8603,RNA
Pan13.DNA,ACATGGGC,515rcbc433,Dec-22,,Panama,0,El Valle,221212_021,Campestre,Lithobates warzsewitschii,8882,DNA
Pan15.RNA,AATAAGCA,515rcbc463,Dec-22,,Panama,0,Campana,221208_016,Rabbit,Colostethus panamansis,3560,RNA
Pan15.DNA,GTGAGGGC,515rcbc457,Dec-22,,Panama,0,Campana,221208_016,Rabbit,Colostethus panamansis,3204,DNA
Pan13.RNA,ACAAAGGT,515rcbc439,Dec-22,,Panama,0,El Valle,221212_021,Campestre,Lithobates warzsewitschii,7011,RNA
Pan31.DNA,TACTGAGC,515rcbc459,Dec-22,,Panama,0.085640879,Campana,221208_017,Rabbit,Colostethus panamansis,3503,DNA
Pan19.RNA,ACTCACAG,515rcbc416,Dec-22,,Panama,0,El Valle,221212_020,Campestre,Lithobates warzsewitschii,12780,RNA
Pan23.DNA,CACGAAAG,515rcbc458,Nov-22,,Panama,0.788197251,El Cope,221210_C003,Guabal,Colostethus panamansis,9896,DNA
Pan18.RNA,CTTACACT,515rcbc404,Dec-22,,Panama,0,El Valle,221212_025,Campestre,Lithobates warzsewitschii,12233,RNA
Pan16.RNA,TATGGGTA,515rcbc475,Dec-22,,Panama,0.140548138,Campana,221208_006,Rabbit,Colostethus panamansis,1423,RNA
Pan18.DNA,GGCTTCGG,515rcbc398,Dec-22,,Panama,0,El Valle,221212_025,Campestre,Lithobates warzsewitschii,9746,DNA
Pan17.DNA,TCATCCGT,515rcbc386,Nov-22,,Panama,0,Santa Fe,221127_J017,Altos de Piedra,Lithobates warzsewitschii,8924,DNA
Pan14.RNA,TGAACCCT,515rcbc451,Nov-22,,Panama,0,Santa Fe,221129_002,Altos de Piedra,Lithobates warzsewitschii,3997,RNA
Pan17.RNA,ACATAGCG,515rcbc392,Nov-22,,Panama,0,Santa Fe,221127_J017,Altos de Piedra,Lithobates warzsewitschii,10318,RNA
Pan8.RNA,CTGAGGCC,515rcbc474,Dec-22,,Panama,0.412779658,Campana,221208_013,Rabbit,Colostethus panamansis,12113,RNA
Pan2.DNA,AAGTGGCT,515rcbc396,Nov-22,,Panama,0,Santa Fe,221129_003,Altos de Piedra,Lithobates warzsewitschii,7478,DNA
Pan16.DNA,ATATTGGC,515rcbc469,Dec-22,,Panama,0,Campana,221208_006,Rabbit,Colostethus panamansis,5110,DNA
Pan20.RNA,GTTGAAGC,515rcbc428,Dec-22,,Panama,0.07349853,Campana,221208_008,Rabbit,Colostethus panamansis,9524,RNA
Pan20.DNA,TCCGCTGC,515rcbc422,Dec-22,,Panama,0.142585551,Campana,221208_008,Rabbit,Colostethus panamansis,8416,DNA
Pan7.RNA,ATCAAGAT,515rcbc462,Nov-22,,Panama,0.159454555,El Cope,221210_C004,Guabal,Colostethus panamansis,18187,RNA
Pan21.RNA,GTAAACGA,515rcbc440,Nov-22,,Panama,0,Santa Fe,221127_J014,Altos de Piedra,Lithobates warzsewitschii,8962,RNA
Pan21.DNA,TGCGCGCC,515rcbc434,Nov-22,,Panama,0,Santa Fe,221127_J014,Altos de Piedra,Lithobates warzsewitschii,8349,DNA
Pan36.DNA,GTCAGAGT,515rcbc424,Nov-22,,Panama,0.023841312,Santa Fe,221129_005,Altos de Piedra,Lithobates warzsewitschii,20972,DNA
Pan22.DNA,GCGCACAC,515rcbc446,Dec-22,,Panama,0.374718961,Campana,221208_014,Rabbit,Colostethus panamansis,4003,DNA
Pan30.DNA,AACGGGCG,515rcbc447,Dec-22,,Panama,0.097130903,El Valle,221212_023,Campestre,Lithobates warzsewitschii,13384,DNA
Pan29.DNA,GTTGGTTG,515rcbc435,Nov-22,,Panama,0,Santa Fe,221127_J013,Altos de Piedra,Lithobates warzsewitschii,14133,DNA
Pan25.DNA,ATTTGGCT,515rcbc387,Dec-22,,Panama,0,El Valle,221212_015,Campestre,Lithobates warzsewitschii,7320,DNA
Pan28.RNA,GTGCGGTT,515rcbc429,Dec-22,,Panama,0,Campana,221208_018,Rabbit,Colostethus panamansis,8846,RNA
Pan35.DNA,CGACCTCG,515rcbc412,Dec-22,,Panama,0.135722041,Campana,221208_012,Rabbit,Colostethus panamansis,3684,DNA
Pan26.DNA,CGCGTCAA,515rcbc399,Nov-22,,Panama,0,Santa Fe,221127_J019,Altos de Piedra,Lithobates warzsewitschii,7873,DNA
Pan26.RNA,CCTGCACC,515rcbc405,Nov-22,,Panama,0,Santa Fe,221127_J019,Altos de Piedra,Lithobates warzsewitschii,7428,RNA
Pan33.RNA,GATTCTTT,515rcbc394,Dec-22,,Panama,0,El Valle,221212_004,Campestre,Lithobates warzsewitschii,18332,RNA
Pan30.RNA,ATGTAGGC,515rcbc453,Dec-22,,Panama,0,El Valle,221212_023,Campestre,Lithobates warzsewitschii,6757,RNA
Pan24.RNA,CTTAGGCA,515rcbc476,Nov-22,,Panama,0,El Cope,221210_C006,Guabal,Colostethus panamansis,8,RNA
Pan5.RNA,CTGGTCTT,515rcbc438,Nov-22,,Panama,0.095129376,Santa Fe,221127_J016,Altos de Piedra,Lithobates warzsewitschii,21024,RNA
Pan3.DNA,GTCGTTAC,515rcbc408,Dec-22,,Panama,0,El Valle,221212_022,Campestre,Lithobates warzsewitschii,5569,DNA
Pan39.RNA,GTCTCCTC,515rcbc466,Dec-22,,Panama,0.246352094,Campana,221208_007,Rabbit,Colostethus panamansis,10554,RNA
Pan28.DNA,TCCGTGGT,515rcbc423,Dec-22,,Panama,0,Campana,221208_018,Rabbit,Colostethus panamansis,665,DNA
Pan33.DNA,GATCCGGC,515rcbc388,Dec-22,,Panama,0,El Valle,221212_004,Campestre,Lithobates warzsewitschii,9192,DNA
Pan34.RNA,AGGACAAA,515rcbc406,Dec-22,,Panama,0,El Valle,221212_019,Campestre,Lithobates warzsewitschii,9198,RNA
Pan32.RNA,TCCGGACT,515rcbc477,Dec-22,,Panama,0,Campana,221208_005,Rabbit,Colostethus panamansis,1455,RNA
Pan34.DNA,CTTCCAAC,515rcbc400,Dec-22,,Panama,0.19883351,El Valle,221212_019,Campestre,Lithobates warzsewitschii,7544,DNA
Pan31.RNA,GCATTACT,515rcbc465,Dec-22,,Panama,0,Campana,221208_017,Rabbit,Colostethus panamansis,4678,RNA
Pan38.RNA,AGAGGAGT,515rcbc454,Dec-22,,Panama,0.1332741,Campana,221208_009,Rabbit,Colostethus panamansis,2251,RNA
Pan29.RNA,TAGCGCGA,515rcbc441,Nov-22,,Panama,0,Santa Fe,221127_J013,Altos de Piedra,Lithobates warzsewitschii,199,RNA
Pan35.RNA,TCTTCCTA,515rcbc418,Dec-22,,Panama,0.012056909,Campana,221208_012,Rabbit,Colostethus panamansis,8294,RNA
Pan37.DNA,GAACGATC,515rcbc436,Dec-22,,Panama,0.068119891,El Valle,221212_026,Campestre,Lithobates warzsewitschii,7340,DNA
Pan9.DNA,GCTAGTTA,515rcbc385,Dec-22,,Panama,0,El Valle,221212_014,Campestre,Lithobates warzsewitschii,9881,DNA
Pan36.RNA,CTTGTGCG,515rcbc430,Nov-22,,Panama,0.074760766,Santa Fe,221129_005,Altos de Piedra,Lithobates warzsewitschii,6688,RNA
Pan5.DNA,GGCTCGTC,515rcbc432,Nov-22,,Panama,0.072276717,Santa Fe,221127_J016,Altos de Piedra,Lithobates warzsewitschii,9685,DNA
Pan7.DNA,AATTTCCT,515rcbc456,Nov-22,,Panama,0.150250417,El Cope,221210_C004,Guabal,Colostethus panamansis,5990,DNA
Pan37.RNA,GCGCTTAG,515rcbc442,Dec-22,,Panama,0.099108028,El Valle,221212_026,Campestre,Lithobates warzsewitschii,5045,RNA
Pan9.RNA,CAATAGAA,515rcbc391,Dec-22,,Panama,0,El Valle,221212_014,Campestre,Lithobates warzsewitschii,6726,RNA
Pan38.DNA,CTCCACAT,515rcbc448,Dec-22,,Panama,0,Campana,221208_009,Rabbit,Colostethus panamansis,511,DNA
Pan41.DNA,GTTAAGCT,515rcbc389,Nov-22,,Panama,0,Santa Fe,221127_J018,Altos de Piedra,Lithobates warzsewitschii,4,DNA
Pan44.DNA,GCGGTCGG,515rcbc425,Dec-22,,Panama,0,Campana,221208_010,Rabbit,Colostethus panamansis,14,DNA
