SampleID,BarcodeSequence,Description,LinkerPrimerSequence,Nuc_type,Percent Spore Forming Bacteria,Plate,Sample_identifier,Species,Total Bacteria Count,Well
SaSa2.RNA,AGTATATG,SaSa2,GTGTGYCAGCMGCCGCGGTAA,RNA,0,5,2,Salamandra salamandra,744,D1
AnMa1.DNA,AGAGCGGA,AnMa1,GTGTGYCAGCMGCCGCGGTAA,DNA,0,5,6,Ambystoma maculatum,233,D2
BoOr1.DNA,ATGTTAGG,BoOr1,GTGTGYCAGCMGCCGCGGTAA,DNA,0,5,1,Bombina orientalis,599,A1
SaSa9.DNA,AACGGGCG,SaSa9,GTGTGYCAGCMGCCGCGGTAA,DNA,0.762711864,5,15,Salamandra salamandra,1180,F4
BoOr2.RNA,ATAAACGG,BoOr2,GTGTGYCAGCMGCCGCGGTAA,RNA,0.129198966,5,4,Bombina orientalis,1548,H1
AnMa5.DNA,GGCTTCGG,AnMa5,GTGTGYCAGCMGCCGCGGTAA,DNA,0,5,9,Ambystoma maculatum,491,B3
BoOr8.RNA,TCCGTGGT,BoOr8,GTGTGYCAGCMGCCGCGGTAA,RNA,3.140096618,5,14,Bombina orientalis,828,D4
BoOr4.RNA,ACTAGTTG,BoOr4,GTGTGYCAGCMGCCGCGGTAA,RNA,0,5,5,Bombina orientalis,995,B2
SaSa7.DNA,CGCGTCAA,SaSa7,GTGTGYCAGCMGCCGCGGTAA,DNA,0.46728972,5,13,Salamandra salamandra,428,B4
AnMa2.RNA,ACATGGGC,AnMa2,GTGTGYCAGCMGCCGCGGTAA,RNA,1.612903226,5,7,Ambystoma maculatum,310,E2
SaSa5.DNA,AATTTCCT,SaSa5,GTGTGYCAGCMGCCGCGGTAA,DNA,0,5,4,Salamandra salamandra,484,G1
SaSa1.DNA,GTCGTTAC,SaSa1,GTGTGYCAGCMGCCGCGGTAA,DNA,0.886524823,5,2,Salamandra salamandra,564,C1
SaSa8.RNA,ATGTTCCT,SaSa8,GTGTGYCAGCMGCCGCGGTAA,RNA,0,5,14,Salamandra salamandra,371,C4
AnMa3.DNA,GTGAGGGC,AnMa3,GTGTGYCAGCMGCCGCGGTAA,DNA,0,5,8,Ambystoma maculatum,199,G2
AnMa7.DNA,TGCGCGCC,AnMa7,GTGTGYCAGCMGCCGCGGTAA,DNA,0,5,11,Ambystoma maculatum,145,E3
AnMa4.RNA,ATATTGGC,AnMa4,GTGTGYCAGCMGCCGCGGTAA,RNA,0,5,8,Ambystoma maculatum,157,H2
BoOr9.DNA,GTTGGTTG,BoOr9,GTGTGYCAGCMGCCGCGGTAA,DNA,0.210526316,5,15,Bombina orientalis,950,E4
SaSa3.DNA,GGCTCGTC,SaSa3,GTGTGYCAGCMGCCGCGGTAA,DNA,0,5,3,Salamandra salamandra,228,E1
AnMa10.RNA,GGTGCAGA,AnMa10,GTGTGYCAGCMGCCGCGGTAA,RNA,0,5,16,Ambystoma maculatum,2,H4
BoOr10.RNA,TACTGAGC,BoOr10,GTGTGYCAGCMGCCGCGGTAA,RNA,3.282828283,5,16,Bombina orientalis,396,G4
BoOr3.DNA,GCTAGTTA,BoOr3,GTGTGYCAGCMGCCGCGGTAA,DNA,1.016949153,5,5,Bombina orientalis,295,A2
SaSa6.RNA,CACGAAAG,SaSa6,GTGTGYCAGCMGCCGCGGTAA,RNA,0,5,12,Salamandra salamandra,434,G3
AnMa9.DNA,ATTTGGCT,AnMa9,GTGTGYCAGCMGCCGCGGTAA,DNA,0,5,13,Ambystoma maculatum,107,A4
BoOr5.DNA,CTGCGGAT,BoOr5,GTGTGYCAGCMGCCGCGGTAA,DNA,0,5,7,Bombina orientalis,368,F2
BoOr7.DNA,CGGTCAAT,BoOr7,GTGTGYCAGCMGCCGCGGTAA,DNA,0,5,10,Bombina orientalis,350,C3
SaSa4.RNA,GACATCTG,SaSa4,GTGTGYCAGCMGCCGCGGTAA,RNA,0.169923534,5,3,Salamandra salamandra,1177,F1
AnMa6.RNA,TCCGCTGC,AnMa6,GTGTGYCAGCMGCCGCGGTAA,RNA,0,5,10,Ambystoma maculatum,16,D3
SaSa10.RNA,AAGTGGCT,SaSa10,GTGTGYCAGCMGCCGCGGTAA,RNA,2.094240838,5,1,Salamandra salamandra,191,B1
AnMa8.RNA,GCGCACAC,AnMa8,GTGTGYCAGCMGCCGCGGTAA,RNA,0,5,11,Ambystoma maculatum,5,F3
BoOr6.RNA,TCATCCGT,BoOr6,GTGTGYCAGCMGCCGCGGTAA,RNA,0,5,9,Bombina orientalis,140,A3
EuWi1.RNA,GCGTGCCC,EuWi1,CGGCTGCGTTCTTCATCGATGC,RNA,0.056077387,5,28,Eurycea wilderae,7133,H7
EuWi2.DNA,CAAAGGAG,EuWi2,CGGCTGCGTTCTTCATCGATGC,DNA,0.594312883,5,29,Eurycea wilderae,10937,A8
EuWi3.DNA,TTCCAATA,EuWi3,CGGCTGCGTTCTTCATCGATGC,DNA,0.234672925,5,27,Eurycea wilderae,6818,E7
EuWi5.DNA,CCACGAGC,EuWi5,CGGCTGCGTTCTTCATCGATGC,DNA,0.074128984,5,28,Eurycea wilderae,6745,G7
EuWi4.DNA,CGCTGTGG,EuWi4,CGGCTGCGTTCTTCATCGATGC,DNA,0.336242094,5,30,Eurycea wilderae,12491,C8
EuWi3.RNA,TGCGGCGT,EuWi3,CGGCTGCGTTCTTCATCGATGC,RNA,0,5,29,Eurycea wilderae,4717,B8
EuWi5.RNA,CTTGCTCA,EuWi5,CGGCTGCGTTCTTCATCGATGC,RNA,0.433369447,5,30,Eurycea wilderae,4615,D8
EuWi4.RNA,AACTCAAT,EuWi4,CGGCTGCGTTCTTCATCGATGC,RNA,0,5,27,Eurycea wilderae,6593,F7
EuWi2.RNA,CGAGGCGA,EuWi2,CGGCTGCGTTCTTCATCGATGC,RNA,0,5,26,Eurycea wilderae,6128,D7
EuWi1.DNA,GTCCGTCC,EuWi1,CGGCTGCGTTCTTCATCGATGC,DNA,0.274390244,5,26,Eurycea wilderae,3280,C7
NoVi2.DNA,TGATGTGC,NoVi2,GTGTGYCAGCMGCCGCGGTAA,DNA,0.013327114,5,19,Notophthalmus viridescens,15007,E5
NoVi2.RNA,CCGGACAA,NoVi2,GTGTGYCAGCMGCCGCGGTAA,RNA,0,5,12,Notophthalmus viridescens,11441,H3
NoVi1.DNA,GTAGTAGA,NoVi1,GTGTGYCAGCMGCCGCGGTAA,DNA,0,5,6,Notophthalmus viridescens,10785,C2
NoVi1.RNA,ACGCTTAA,NoVi1,GTGTGYCAGCMGCCGCGGTAA,RNA,0.186161961,5,18,Notophthalmus viridescens,3223,D5
NoVi5.DNA,TTGCTGGA,NoVi5,GTGTGYCAGCMGCCGCGGTAA,DNA,0.098347758,5,18,Notophthalmus viridescens,10168,C5
NoVi4.RNA,TAATCTCG,NoVi4,GTGTGYCAGCMGCCGCGGTAA,RNA,0.075621514,5,17,Notophthalmus viridescens,10579,B5
NoVi3.DNA,ACTCCCGT,NoVi3,GTGTGYCAGCMGCCGCGGTAA,DNA,0,5,17,Notophthalmus viridescens,9238,A5
NoVi4.DNA,AAGAACTC,NoVi4,GTGTGYCAGCMGCCGCGGTAA,DNA,0,5,20,Notophthalmus viridescens,4317,G5
NoVi5.RNA,AATTCACC,NoVi5,GTGTGYCAGCMGCCGCGGTAA,RNA,0.020785699,5,20,Notophthalmus viridescens,4811,H5
NoVi3.RNA,GAAGAGGG,NoVi3,GTGTGYCAGCMGCCGCGGTAA,RNA,0.452209661,5,19,Notophthalmus viridescens,4865,F5
